id,von,bis,hoehe,breite,laenge,name,bundesland
3,19930429,20110331,202,50.7827,6.0941, Aachen,Nordrhein-Westfalen
20,20040813,20220502,432,48.9219,9.9129, Abtsgm�nd-Untergr�ninge,Baden-W�rttemberg
29,20020829,20220503,260,49.7175,10.9101, Adelsdorf (Kl�ranlage),Bayern
30,20060530,20061029,260,49.4064,9.3914, Adelsheim,Baden-W�rttemberg
44,20070209,20220503,44,52.9336,8.237, Gro�enkneten,Niedersachsen
46,20020925,20220503,325,48.945,12.4639, Aholfing,Bayern
47,20110417,20131127,338,49.4997,9.5439, Ahorn-Eubigheim,Baden-W�rttemberg
53,20050901,20220502,60,52.585,13.5634, Ahrensfelde,Brandenburg
71,20041021,20191231,759,48.2156,8.9784, Albstadt-Badkap,Baden-W�rttemberg
73,20070214,20220503,340,48.6159,13.0506, Aldersbach-Kriestorf,Bayern
78,20041011,20220502,65,52.4853,7.9126, Alfhausen,Niedersachsen
87,20050201,20220502,158,51.095,11.0479, Alperstedt,Th�ringen
91,20020820,20220503,300,50.7446,9.345, Alsfeld-Eifa,Hessen
96,20190410,20220502,50,52.9437,12.8518, Neuruppin-Alt Ruppin,Brandenburg
103,20021220,20220502,364,48.896,12.217, Hagelstadt,Bayern
118,20030227,20220502,388,49.4053,12.2852, Altendorf,Bayern
124,20060821,20220502,265,51.2388,11.577," Bibra, Bad-Altenroda",Sachsen-Anhalt
130,20040915,20220502,300,49.7283,9.7692, Altertheim-Oberalterthe,Bayern
131,20041101,20220503,296,51.0881,12.9326, Geringswalde-Altgerings,Sachsen
142,20051026,20220503,511,48.406,11.3117, Altom�nster-Maisbrunn,Bayern
146,20021221,20220503,730,47.7922,10.0988, Altusried-Muthmannshofe,Bayern
150,20050701,20220502,215,49.7273,8.1164, Alzey,Rheinland-Pfalz
151,20041124,20220502,382,49.4691,11.8546, Amberg-Unterammersricht,Bayern
152,20090617,20120111,57,53.1268,10.2184, Amelinghausen,Niedersachsen
154,20050113,20220503,516,48.0197,12.2925, Amerang-Pfaffing,Bayern
158,20020529,20220502,210,50.784,8.9545, Am�neburg-R�digheim,Hessen
161,20110901,20220502,75,50.4237,7.4202, Andernach,Rheinland-Pfalz
164,19911102,20220502,54,53.0316,13.9908, Angerm�nde,Brandenburg
167,20040901,20220503,11,53.8408,13.6854, Anklam,Mecklenburg-Vorpommern
183,19911102,20220503,42,54.6791,13.4344, Arkona,Mecklenburg-Vorpommern
191,20041104,20220503,217,49.9694,9.9114, Arnstein-M�desheim,Bayern
194,20041018,20220502,265,51.3431,9.0763," Arolsen-Landau, Bad",Hessen
198,19911108,20220502,164,51.3744,11.292, Artern,Th�ringen
200,20020925,20220502,517,50.085,6.3161, Lauperath-Scheidchen,Rheinland-Pfalz
205,20021114,20220502,681,47.7275,12.2982, Aschau-Stein,Bayern
211,20040902,20220502,200,50.58,8.4685, A�lar Klein-Altenst�dte,Hessen
213,20070322,20220502,170,51.9375,10.9897, Sargstedt,Sachsen-Anhalt
216,20040818,20220502,298,51.1143,7.8807, Attendorn-Neulisternohl,Nordrhein-Westfalen
217,20041117,20220502,670,47.8774,11.3643, Attenkam,Bayern
222,19911102,20220503,393,50.5908,12.7139, Aue,Sachsen
227,20021010,20220502,432,49.8823,11.2656, Aufse�-Hochstahl,Bayern
232,19961108,20220502,462,48.4253,10.9417, Augsburg,Bayern
240,20020910,20220502,293,50.1805,9.5743, Aura im Sinngrund,Bayern
246,20051104,20080812,73,51.7015,12.8909, Axien,Sachsen-Anhalt
257,20020909,20220503,240,48.727,8.2457, Baden-Baden-Geroldsau,Baden-W�rttemberg
259,20031101,20220503,275,47.8064,7.6387, M�llheim,Baden-W�rttemberg
268,19960719,19961231,622,48.5293,8.2727, Baiersbronn-Obertal,Baden-W�rttemberg
269,20060523,20220502,599,48.5116,8.3176, Baiersbronn-Mitteltal,Baden-W�rttemberg
275,20030507,20220502,1039,47.465,10.1043, Balderschwang,Bayern
279,20060818,20220503,457,48.7574,9.4514, Baltmannsweiler-Hohenge,Baden-W�rttemberg
282,19950601,20220502,240,49.8743,10.9206, Bamberg,Bayern
287,20080417,20220502,53,51.961,11.9159, Walternienburg-Ronney,Sachsen-Anhalt
292,20051201,20220502,37,52.6965,8.487, Barnstorf,Niedersachsen
294,20040423,20220502,110,52.3199,9.43, Barsinghausen-Hohenbost,Niedersachsen
298,19911101,20220502,3,54.3405,12.7108, Barth,Mecklenburg-Vorpommern
301,20150901,20220502,659,48.7584,9.9855, Bartholom�,Baden-W�rttemberg
303,19930901,20220502,55,52.0613,13.4997, Baruth,Brandenburg
310,20020705,20220502,590,51.0662,8.5375, Battenberg-Hof Karlsbur,Hessen
312,20070601,20220502,51,53.8149,11.8818, Baumgarten,Mecklenburg-Vorpommern
314,20030714,20220503,234,51.1604,14.5042," Kubsch�tz, Kr. Bautzen",Sachsen
316,20021008,20220502,310,49.6957,7.8387, Bayerfeld-Steckweiler -,Rheinland-Pfalz
320,20060511,20220503,350,49.9666,11.5198, Heinersreuth-Vollhof,Bayern
323,20020826,20220503,425,49.1626,10.5918, Bechhofen/Mittelfranken,Bayern
326,20040701,20130708,120,51.7204,8.0577, Beckum-Unterberg,Nordrhein-Westfalen
330,20040609,20220502,455,49.5617,8.9673, Oberzent-Beerfelden,Hessen
336,20021107,20220502,290,51.0221,10.5148, H�rselberg-Hainich-Behr,Th�ringen
342,20101202,20220502,103,52.317,8.1694, Belm,Niedersachsen
348,19910102,20110831,127,50.4135,7.5886, Bendorf,Rheinland-Pfalz
357,20050720,20220502,50,52.3018,7.1301," Bentheim, Bad",Niedersachsen
359,20021220,20220502,464,49.1022,11.796, Beratzhausen,Bayern
360,20021113,20220502,403,49.1115,11.4328, Berching,Bayern
377,20041001,20220503,210,49.107,7.9967," Bergzabern, Bad",Rheinland-Pfalz
378,20050314,20220502,136,51.6843,10.1077, Berka,Niedersachsen
379,20170901,20220503,304,50.9075,11.2665," Berka, Bad (Flugplatz)",Th�ringen
384,20050617,20140918,570,48.0409,10.0808, Berkheim,Baden-W�rttemberg
389,20091101,20220502,436,51.0148,8.4318," Berleburg, Bad-Arfeld",Nordrhein-Westfalen
390,20030123,20220503,610,50.9837,8.3683," Berleburg, Bad-St�nzel",Nordrhein-Westfalen
399,19911102,20110730,36,52.5198,13.4057, Berlin-Alexanderplatz,Berlin
400,20030610,20220502,60,52.631,13.5021, Berlin-Buch,Berlin
410,20030807,20200615,33,52.404,13.7309, Berlin-Kaniswall,Berlin
420,20070801,20220503,61,52.5447,13.5598, Berlin-Marzahn,Berlin
427,19911102,20220502,46,52.3807,13.5306, Berlin Brandenburg,Brandenburg
430,19941223,20210504,36,52.5644,13.3088, Berlin-Tegel,Berlin
433,19950102,20220502,48,52.4675,13.4021, Berlin-Tempelhof,Berlin
443,20021219,20220503,936,47.7388,10.7448, Bernbeuren-Prachtsried,Bayern
445,20030528,20220503,85,51.8218,11.711, Bernburg/Saale (Nord),Sachsen-Anhalt
450,20050921,20121203,120,49.9186,7.0664, Bernkastel-Kues,Rheinland-Pfalz
460,19931001,20220502,363,49.2641,6.6868, Berus,Saarland
479,20040930,20220502,138,50.2435,9.2892, W�chtersbach,Hessen
498,20060721,20220502,760,47.7453,8.3111, �hlingen-Birkendorf,Baden-W�rttemberg
504,20070601,20220502,79,51.7982,13.9716," Bischdorf, Kreis Obersp",Brandenburg
505,20021025,20060702,332,51.4268,10.0932, Bischhagen,Th�ringen
517,20041103,20060629,44,52.66,11.5518, Bismark,Sachsen-Anhalt
522,20020807,20220503,425,48.7092,10.6283, Bissingen (Kl�ranlage),Bayern
523,20020808,20180531,359,49.9797,6.5325, Bitburg,Rheinland-Pfalz
535,20030701,20220502,417,50.0372,7.3079, Blankenrath,Rheinland-Pfalz
542,20041007,20220502,12,53.2401,10.8522, Bleckede-Walmsburg,Niedersachsen
550,20020515,20220502,344,50.9041,11.7985, Bobeck,Th�ringen
551,20060922,20220502,517,50.3887,11.9955, Weischlitz-Heinersgr�n,Sachsen
554,19940527,20220502,23,51.8293,6.5365, Bocholt-Liedern (Wasser,Nordrhein-Westfalen
555,20080101,20181031,101,51.4789,7.2697, Bochum,Nordrhein-Westfalen
561,20050901,20220502,11,53.367,7.9679, Bockhorn-Grabstede,Niedersachsen
567,20090723,20220502,258,51.6957,9.5135, Bodenfelde-Amelith,Niedersachsen
583,20071024,20080616,585,49.7067,7.0973, B�rfink-Thranenweier,Rheinland-Pfalz
589,20020904,20220502,343,48.8846,12.7453, Bogen-Pfelling,Bayern
591,19911101,20220502,45,53.3911,10.6878, Boizenburg,Mecklenburg-Vorpommern
596,19911107,20220502,15,54.0027,11.1908, Boltenhagen,Mecklenburg-Vorpommern
603,20071025,20220502,147,50.7293,7.204, K�nigswinter-Heiderhof,Nordrhein-Westfalen
609,20060101,20071121,530,48.9015,10.3121, Bopfingen-Baldern,Baden-W�rttemberg
613,20040820,20220502,206,51.5677,9.2324, Borgentreich,Nordrhein-Westfalen
617,20030123,20220502,47,51.873,6.8863, Borken in Westfalen,Nordrhein-Westfalen
622,20060601,20220502,66,52.3745,11.4655, Westheide-Born,Sachsen-Anhalt
630,20060518,20220502,87,52.0193,11.4059, Bottmersdorf-Klein Germ,Sachsen-Anhalt
633,20021128,20220502,126,51.4041,14.5681, Boxberg,Sachsen
644,20050101,20220502,150,51.7049,9.1738, Brakel,Nordrhein-Westfalen
653,20021114,20220502,483,47.7241,12.1092, Brannenburg-Degerndorf,Bayern
656,19910815,20220502,607,51.7234,10.6021, Braunlage,Niedersachsen
662,19970702,20220502,81,52.2915,10.4464, Braunschweig,Niedersachsen
677,20020902,20220503,610,48.1266,10.3649, Breitenbrunn-F�rbuch,Bayern
684,20050609,20220502,1000,47.9385,8.0761, Breitnau,Baden-W�rttemberg
691,19910620,20220503,4,53.0451,8.7981, Bremen,Bremen
701,19971120,20220502,7,53.5332,8.5761, Bremerhaven,Bremen
704,20020717,20220502,11,53.4451,9.139, Bremerv�rde,Niedersachsen
714,20050503,20220502,46,52.3653,14.2474, Neu Madlitz,Brandenburg
721,20021121,20220502,101,51.5171,12.4362, Sch�nw�lkau-Brinnis,Sachsen
722,19971023,20210930,1135,51.7986,10.6183, Brocken,Sachsen-Anhalt
723,20020718,20220502,290,50.1841,7.24, Kail,Rheinland-Pfalz
731,20071201,20220502,130,49.1127,8.6372, Bruchsal-Heidelsheim,Baden-W�rttemberg
735,20050501,20220502,52,52.1692,12.7334, Br�ck-G�mnigk,Brandenburg
753,20040501,20220502,305,50.87,11.5022, Bucha,Th�ringen
755,20040324,20220502,340,49.5182,9.3213," Buchen, Kr. Neckar-Oden",Baden-W�rttemberg
757,20030326,20220502,445,47.9625,7.9983, Buchenbach,Baden-W�rttemberg
760,20171124,20220503,82,53.3629,9.9435, Rosengarten-Klecken,Niedersachsen
765,20071024,20081031,455,50.1746,7.0781, B�chel,Rheinland-Pfalz
775,20021202,20220502,100,52,10.6323, Osterwieck-Rimbeck,Sachsen-Anhalt
789,20020318,20220502,263,49.6063,9.8834, B�tthard,Bayern
791,20051207,20220502,8,54.6328,8.937, Bordelum,Schleswig-Holstein
796,20040825,20220502,412,50.7556,8.1257, Burbach-W�rgendorf,Nordrhein-Westfalen
797,20050622,20220502,39,52.3241,11.8339, Burg-Blumenthal,Sachsen-Anhalt
801,20011129,20220502,331,49.4549,10.3241, Burgbernheim,Bayern
807,20020829,20220503,290,49.745,10.6434, Schl�sselfeld (Kl�ranla,Bayern
808,20051221,20220502,413,48.187,12.8098," Mehring, Kr. Alt�tting-",Bayern
812,20021121,20220502,278,50.1429,11.2322, Burgkunstadt,Bayern
814,20020830,20220503,270,50.1451,10.7066, Pfarrweisach-Lohr (Pege,Bayern
815,20060921,20220502,162,51.5426,11.6947, Seegebiet Mansfelder La,Sachsen-Anhalt
817,20040927,20220502,293,51.0306,8.8146, Burgwald-Bottendorf,Hessen
837,20020605,20220502,244,50.2863,8.2949," Camberg, Bad",Hessen
839,20110101,20220502,27,53.7575,10.9288, Carlow,Mecklenburg-Vorpommern
840,19911108,20220502,895,50.4313,12.6114, Carlsfeld,Sachsen
848,20080617,20220502,38,52.6146,10.0726, Celle (Stadt),Niedersachsen
850,20080814,20150630,45,52.5959,10.0296, Celle,Niedersachsen
853,19911107,20220502,416,50.7913,12.872, Chemnitz,Sachsen
856,20030501,20220502,551,47.8843,12.5404, Chieming,Bayern
857,20041014,20220502,535,47.8665,12.395, Chiemsee-Herrenchiemsee,Bayern
863,20070912,20120404,585,51.7904,10.347, Clausthal-Zellerfeld,Niedersachsen
867,19920215,20220502,344,50.3066,10.9679, Lautertal-Oberlauter,Bayern
871,20050607,20220502,87,51.9618,7.1585, Coesfeld,Nordrhein-Westfalen
874,20050510,20220502,52,52.2994,11.6733, Zielitz,Sachsen-Anhalt
880,19911102,20220502,69,51.7759,14.3168, Cottbus,Brandenburg
885,20040929,20220502,450,49.8449,11.616, Creu�en-B�hl,Bayern
891,19990429,20220502,5,53.8713,8.7058, Cuxhaven,Niedersachsen
896,20030611,20220503,170,51.0778,10.8619, Dachwig,Th�ringen
902,20061001,20220502,573,50.4115,6.5615, Dahlem-Schmidtheim,Nordrhein-Westfalen
917,20040713,20220502,162,49.8809,8.6779, Darmstadt,Hessen
922,20020806,20220503,460,48.395,11.0594, Dasing (Kl�ranlage),Bayern
931,20041019,20220502,712,47.8007,9.4108, Deggenhausertal-Azenwei,Baden-W�rttemberg
933,20021218,20220503,585,48.0368,11.5777," Deisenhofen, Kreis M�nc",Bayern
934,20041001,20220502,88,51.7835,8.5658, Delbr�ck,Nordrhein-Westfalen
942,20020926,20220502,308,50.122,6.599, Densborn,Rheinland-Pfalz
953,19970731,20220502,481,49.7619,7.0542, Deuselbach,Rheinland-Pfalz
961,20020711,20220503,258,51.4743,9.0039, Diemelstadt-Rhoden,Hessen
962,20020920,20220502,326,50.8018,11.1692, Stadtilm-Dienstedt,Th�ringen
963,19960614,20220502,38,52.5881,8.3424, Diepholz,Niedersachsen
966,20051130,20220502,65,52.7522,10.8831, Diesdorf,Sachsen-Anhalt
970,20011129,20220502,405,49.4158,10.6734, Dietenhofen,Bayern
974,20060712,20220502,440,51.5307,11.0457, S�dharz-Dietersdorf,Sachsen-Anhalt
977,20040624,20120930,377,50.8541,8.3416, Dietzh�lztal-Mandeln,Hessen
978,20041118,20220502,155,50.3574,8.0485, Holzheim bei Diez,Rheinland-Pfalz
979,20030708,20220502,314,50.7364,8.2672, Dillenburg,Hessen
983,20061201,20220502,419,48.5562,10.5599, Dillingen/Donau-Fristin,Bayern
985,20060101,20220502,492,49.0504,10.2892, Dinkelsb�hl-Oberwinstet,Bayern
988,20050719,20220502,23,52.6746,8.114, Dinklage,Niedersachsen
989,20041201,20220502,46,51.5765,6.7849, Dinslaken,Nordrhein-Westfalen
991,20040913,20220502,359,50.9116,13.7087, Dippoldiswalde-Reinberg,Sachsen
998,19961002,20011031,696,48.7968,8.4921, Dobel,Baden-W�rttemberg
1001,19911107,20220502,97,51.6451,13.5747, Doberlug-Kirchhain,Brandenburg
1014,20050125,20220502,2,53.2289,7.2191, Dollart-Kanalpolder,Niedersachsen
1018,20061001,20111129,677,47.9422,8.5046, Donaueschingen,Baden-W�rttemberg
1023,20020731,20220503,430,48.2746,12.1616, Dorfen (Kl�ranlage),Bayern
1024,20060607,20220502,37,51.1157,6.851, Dormagen-Zons,Nordrhein-Westfalen
1030,20050221,20220502,1,53.646,7.4302, Dornum,Niedersachsen
1039,20040819,20220502,317,51.5263,9.7978, Dransfeld-Ossenfeld,Niedersachsen
1046,20040816,20220502,72,51.7585,7.7528, Drensteinfurt,Nordrhein-Westfalen
1048,19911122,20220502,228,51.1278,13.7543, Dresden-Klotzsche,Sachsen
1050,20050810,20220503,112,51.0221,13.847, Dresden-Hosterwitz,Sachsen
1051,20070123,20220502,119,51.0249,13.7751, Dresden-Strehlen,Sachsen
1052,20030317,20220502,80,52.2174,12.1641, Drewitz bei Burg,Sachsen-Anhalt
1055,20040728,20220502,482,50.6316,8.1813, Driedorf,Hessen
1056,20051114,20220502,2,53.7118,9.3791, Drochtersen,Niedersachsen
1067,20040504,20220502,95,51.9265,12.3852, D�ben,Sachsen-Anhalt
1072,20040506,20220502,107,49.4719,8.1929," D�rkheim, Bad",Rheinland-Pfalz
1078,19920913,20220502,37,51.296,6.7686, D�sseldorf,Nordrhein-Westfalen
1089,20060606,20220502,197,48.5017,7.9943, Durbach-Ebersweier,Baden-W�rttemberg
1093,20140501,20220502,131,49.4593,8.9595, Eberbach,Baden-W�rttemberg
1094,20090925,20220503,611,47.7958,11.1991, Eberfing,Bayern
1095,20060807,20110724,192,51.6001,10.1105, Krebeck-Renshausen,Niedersachsen
1103,20061001,20220503,592,48.1003,11.9872, Ebersberg-Halbing,Bayern
1107,20041007,20220502,346,49.852,10.4991, Ebrach,Bayern
1119,20031115,20220503,535,49.5767,11.6975, Edelsfeld,Bayern
1130,20090701,20220502,17,54.6282,9.3649, Eggebek,Schleswig-Holstein
1132,20020730,20220503,410,48.3956,12.7287, Eggenfelden,Bayern
1139,20020926,20101219,400,48.6846,13.2512, Eging am See-Burgstall,Bayern
1145,20060101,20080316,745,48.3326,9.6028, Ehingen/Donau-Frankenho,Baden-W�rttemberg
1158,20020920,20220503,350,48.636,12.8531, Eichendorf,Bayern
1161,20050201,20220503,384,48.8777,11.2349, Eichst�tt-Landershofen,Bayern
1166,20030319,20220502,107,51.4603,12.6687, Eilenburg,Sachsen
1170,20070608,20220502,265,51.8873,9.728, Eimen-Vorwohle,Niedersachsen
1176,20041028,20220502,976,47.9634,8.2693, Eisenbach,Baden-W�rttemberg
1197,20020830,20220503,460,48.9895,10.1312, Ellwangen-Rindelbach,Baden-W�rttemberg
1200,20100827,20220502,3,54.0691,9.0105, Elpersb�ttel,Schleswig-Holstein
1207,20060301,20220503,558,50.2705,12.2742," Elster, Bad-Sohl",Sachsen
1210,20060424,20220502,90,51.4505,13.5046, Elsterwerda,Brandenburg
1214,20040401,20220502,431,48.2012,8.1088, Elzach-Fisnacht,Baden-W�rttemberg
1216,20050201,20220502,312,49.4251,9.243, Elztal-Rittersbach,Baden-W�rttemberg
1219,19930101,19970630,5,53.3449,7.1909, Emden-Nesserland,Niedersachsen
1223,20050812,20220502,13,52.5983,6.9449, Ringe-Gro�ringe,Niedersachsen
1224,20021030,20220502,201,48.1378,7.8351, Emmendingen-Mundingen,Baden-W�rttemberg
1237,20020910,20220502,507,48.089,12.5073, Tacherting-Spreit,Bayern
1239,20031101,20080923,540,47.8516,8.7673, Engen/Hegau,Baden-W�rttemberg
1241,20061026,20220503,128,52.15,8.5226, Enger,Nordrhein-Westfalen
1246,20150801,20220502,104,51.8418,8.0607, Ennigerloh-Ostenfelde,Nordrhein-Westfalen
1255,20020824,20220502,226,49.1661,8.8483, Eppingen-Elsenz,Baden-W�rttemberg
1262,19920520,20220502,446,48.3477,11.8134, M�nchen-Flughafen,Bayern
1266,20031004,20220502,18,54.2992,9.3162, Erfde,Schleswig-Holstein
1270,19911105,20220502,316,50.9829,10.9608, Erfurt-Weimar,Th�ringen
1278,20071201,20220502,160,52.2449,10.7182, Cremlingen-Destedt,Niedersachsen
1279,20060504,20220502,268,49.6497,11.0075, M�hrendorf-Kleinseebach,Bayern
1282,20091215,20220502,565,50.3043,12.3834, Erlbach-Eubabrunn,Sachsen
1290,20051101,20220502,716,48.1868,8.4672, Eschbronn-Mariazell,Baden-W�rttemberg
1297,20040407,20220502,156,51.2041,10.0138, Eschwege,Hessen
1300,20040601,20220503,351,51.254,8.1565, Eslohe,Nordrhein-Westfalen
1303,19940504,20220502,150,51.4041,6.9677, Essen-Bredeney,Nordrhein-Westfalen
1304,20060401,20220502,48,52.3345,8.3877," Essen-Brockhausen, Bad",Niedersachsen
1313,20031022,20220503,940,47.5665,10.9583, Ettal-Linderhof,Bayern
1315,20061001,20101108,118,48.9246,8.3824, Ettlingen-Ettlingenweie,Baden-W�rttemberg
1320,20021105,20220502,137,51.261,11.1754, Etzleben,Th�ringen
1327,20040801,20220503,147,50.7119,6.7905, Weilerswist-Lommersum,Nordrhein-Westfalen
1332,20041209,20220503,471,48.4832,12.7241," Falkenberg,Kr.Rottal-In",Bayern
1336,20040729,20220502,70,52.8568,9.6756," Fallingbostel, Bad",Niedersachsen
1343,20021101,20220503,476,47.7956,12.0161," Feilnbach,Bad",Bayern
1346,19951027,20220502,1490,47.8749,8.0038, Feldberg/Schwarzwald,Baden-W�rttemberg
1350,20070612,20220502,48,52.0997,13.0016, Felgentreu,Brandenburg
1357,20041202,20220503,655,49.9807,11.8376, Fichtelberg/Oberfranken,Bayern
1358,19911112,20220502,1213,50.4283,12.9536, Fichtelberg,Sachsen
1366,20020731,20220503,498,48.2213,11.7989, Finsing (Kraftwerk),Bayern
1392,20100401,20220502,621,49.7316,12.3489, Flossenb�rg,Bayern
1411,20070101,20220503,747,50.5309,10.0479, Birx/Rh�n,Th�ringen
1420,19930305,20220502,100,50.0259,8.5213, Frankfurt/Main,Hessen
1424,20080624,20220502,124,50.1269,8.6694, Frankfurt/Main-Westend,Hessen
1435,20020726,20220502,768,50.5921,10.8575, Ilmenau-Frauenwald,Th�ringen
1441,20150401,20220502,416,50.9263,13.2711, Freiberg,Sachsen
1443,19940427,20220502,237,48.0232,7.8343, Freiburg,Baden-W�rttemberg
1451,20030516,20220503,2,53.8277,9.2493, Freiburg/Elbe,Niedersachsen
1458,20030226,20220502,492,49.5747,11.8859, Freihung-Gro�sch�nbrunn,Bayern
1468,19910102,20220502,797,48.4538,8.409, Freudenstadt,Baden-W�rttemberg
1473,20051110,20190228,414,49.1869,11.308, Freystadt-Michelbach,Bayern
1495,20040826,20220502,52,53.5389,11.7607, Goldenbow,Mecklenburg-Vorpommern
1497,20041201,20220502,74,53.0238,13.7088, Friedrichswalde,Brandenburg
1503,20121001,20220502,6,53.0643,7.902, Friesoythe-Altenoythe,Niedersachsen
1511,20020903,20220503,400,48.5587,12.5719, Marklkofen (Betriebsste,Bayern
1526,20040914,20220503,242,50.5668,9.6532, Fulda-Horas,Hessen
1542,20020731,20220503,498,48.4327,12.5714, Gangkofen (Kl�ranlage),Bayern
1544,19911102,20220502,47,52.5129,11.3942, Gardelegen,Sachsen-Anhalt
1550,19910102,20220502,719,47.483,11.0621, Garmisch-Partenkirchen,Bayern
1559,20030501,20070228,402,50.7421,7.8163, Gebhardshain,Rheinland-Pfalz
1561,20040915,20220502,414,50.4034,9.2076, Gedern-Sch�nhausen,Hessen
1573,20050923,20220502,281,50.7133,9.9539, Geisa,Th�ringen
1578,20020123,20200930,376,48.6894,11.6353, Geisenfeld-Engelbrechts,Bayern
1580,19970101,20220502,110,49.9859,7.9548, Geisenheim,Hessen
1584,20090601,20220503,673,47.9242,8.6474, Geisingen,Baden-W�rttemberg
1587,20031210,20220502,536,48.9481,11.4289, Gelbelsee,Bayern
1590,20021023,20220503,37,51.4942,6.2463, Geldern-Walbeck,Nordrhein-Westfalen
1595,20120907,20220502,91,51.5762,7.0652, Gelsenkirchen-Buer,Nordrhein-Westfalen
1598,20051201,20220502,328,50.248,7.7456, Oberbachheim,Rheinland-Pfalz
1602,20031101,20220503,177,48.433,7.993, Ohlsbach,Baden-W�rttemberg
1605,19911106,20220502,35,52.3875,12.1602, Genthin,Sachsen-Anhalt
1607,20020204,20220502,344,49.1934,11.0267, Georgensgm�nd,Bayern
1612,19911107,20220502,311,50.8812,12.1289, Gera-Leumnitz,Th�ringen
1639,19961015,20220502,203,50.6017,8.6439, Gie�en/Wettenberg,Hessen
1642,20021018,20220503,550,48.1085,11.2781, Gilching,Bayern
1645,20020820,20220503,340,50.9656,9.05, Gilserberg-Moischeid,Hessen
1650,20020614,20220502,250,49.4648,7.4111, Henschtal,Rheinland-Pfalz
1669,20060918,20220502,43,53.808,12.9607, Borrentin-Wolkwitz,Mecklenburg-Vorpommern
1684,19911102,20220502,239,51.1621,14.9506, G�rlitz,Sachsen
1689,20021010,20220502,441,49.7656,11.3062, G��weinstein,Bayern
1691,19931110,20220502,167,51.5002,9.9507, G�ttingen,Niedersachsen
1694,19911107,20220502,58,53.6058,12.1034, Goldberg,Mecklenburg-Vorpommern
1711,20060101,20220502,438,47.7344,8.7932, Gottmadingen,Baden-W�rttemberg
1717,20050713,20220502,28,53.2651,11.5042, Grabow (Kl�ranlage Fahl,Mecklenburg-Vorpommern
1721,20060822,20220503,506,49.664,11.2239, Gr�fenberg-Kasberg,Bayern
1735,20041213,20220502,628,48.7894,13.629, Grainet-Rehberg,Bayern
1736,20011102,20220503,27,53.5731,10.6797, Grambek,Schleswig-Holstein
1744,20040929,20220502,139,51.5718,14.4763, Graustein,Brandenburg
1750,20020723,20220502,190,51.4511,9.4138, Grebenstein,Hessen
1757,19911102,20220502,2,54.0967,13.4056, Greifswald,Mecklenburg-Vorpommern
1759,20001026,20220503,12,54.2437,13.9102, Greifswalder Oie,Mecklenburg-Vorpommern
1766,19950705,20220502,48,52.1344,7.6969, M�nster/Osnabr�ck,Nordrhein-Westfalen
1769,20040826,20220502,23,53.8312,11.1713, Grevesm�hlen,Mecklenburg-Vorpommern
1770,20060901,20220502,38,52.4233,11.966, Tangerh�tte-Grieben,Sachsen-Anhalt
1792,20051115,20220503,27,52.7553,7.4815, Gro� Ber�en,Niedersachsen
1793,20060801,20220502,104,51.8806,11.465, Hecklingen-Gro� B�rneck,Sachsen-Anhalt
1801,20030703,20220502,31,52.4169,12.8006, Gro� Kreutz-Krielow,Brandenburg
1803,20040901,20220503,34,54.0714,12.3238, Gro� L�sewitz,Mecklenburg-Vorpommern
1810,20140701,20220502,56,52.9094,13.5371, Schorfheide-Gro� Sch�ne,Brandenburg
1813,20061213,20220502,15,54.4032,9.7654, Gro� Wittensee,Schleswig-Holstein
1814,20020524,20220502,87,49.9052,8.4459, Gro�-Gerau-Wallerst�dte,Hessen
1827,20061211,20220502,3,54.3726,11.0828, Gro�enbrode,Schleswig-Holstein
1830,20020529,20110119,270,50.5455,9.5175, Gro�enl�der-Kleinl�der,Hessen
1832,19980226,20220502,1436,49.1129,13.1338, Gro�er Arber,Bayern
1844,20070101,20220502,517,47.9411,11.9004, Feldkirchen-Westerham-L,Bayern
1846,20020904,20220503,344,48.6773,12.6207, Pilsting-B�ckerm�hle,Bayern
1847,20080401,20220502,92,51.2743,12.0517, Wei�enfels-Wengelsdorf,Sachsen-Anhalt
1848,20061101,20220502,118,51.309,12.1718, Markranst�dt-Gro�lehna,Sachsen
1851,20020912,20220503,110,49.9229,9.0904, Gro�ostheim,Bayern
1863,20071201,20220502,258,50.2667,9.1854, Gr�ndau-Breitenborn,Hessen
1869,19911102,20220502,56,53.3154,13.9339, Gr�now,Brandenburg
1870,20020710,20220502,160,49.5665,8.178, Gr�nstadt,Rheinland-Pfalz
1886,20011207,20220502,444,48.4878,10.2608, G�nzburg,Bayern
1888,20041209,20220502,10,53.8119,12.114, Parum,Mecklenburg-Vorpommern
1900,20020919,20220503,450,48.4522,12.1549, Vilsheim-M�nchsdorf,Bayern
1937,20050111,20220502,524,48.3705,8.7666, Haigerloch-Weildorf,Baden-W�rttemberg
1938,20020823,20220503,464,48.3028,11.5318, Haimhausen-Ottershausen,Bayern
1950,20031009,20220503,780,47.6463,10.8073, Halblech-Trauchgau,Bayern
1957,19911101,20150322,93,51.5138,11.9499, Halle-Kr�llwitz,Sachsen-Anhalt
1964,20050501,20220502,328,49.9445,6.3821, Olsdorf,Rheinland-Pfalz
1975,19950829,20220502,11,53.6332,9.9881, Hamburg-Fuhlsb�ttel,Hamburg
1981,20050215,20220503,3,53.4777,9.8957, Hamburg-Neuwiedenthal,Hamburg
1997,20020909,20220503,220,50.1219,9.9079, Hammelburg,Bayern
2011,20041213,20220502,50,52.3965,9.6629, Hannover-Herrenhausen,Niedersachsen
2012,20100601,20220502,57,52.3671,9.819, Hannover-Kirchrode,Niedersachsen
2014,19920430,20220502,55,52.4644,9.6779, Hannover,Niedersachsen
2023,20021114,20220502,501,48.7918,10.7062, Harburg,Bayern
2027,20060419,20220502,63,51.9753,8.2094, Harsewinkel,Nordrhein-Westfalen
2039,20061101,20220502,201,51.9002,10.5699," Harzburg, Bad",Niedersachsen
2044,19910115,20220502,404,51.652,11.1366, Harzgerode,Sachsen-Anhalt
2050,20060904,20220502,218,48.2766,8.0841, Haslach im Kinzigtal,Baden-W�rttemberg
2051,20020913,20220503,130,49.7845,9.4722, Hasloch/Main,Bayern
2064,20041123,20220502,449,49.184,10.8243, Haundorf-Obererlbach,Bayern
2066,20020507,20220502,257,50.7384,9.6607, Haunetal-Wehrda,Hessen
2072,20061001,20161023,665,48.2738,9.4745, Hayingen,Baden-W�rttemberg
2074,20030630,20220503,518,48.3752,8.98, Hechingen,Baden-W�rttemberg
2080,20040310,20120911,110,49.4206,8.6676, Heidelberg,Baden-W�rttemberg
2088,20030424,20050511,522,48.6849,10.142, Heidenheim/Brenz,Baden-W�rttemberg
2109,20020909,20220502,450,50.0664,9.3458, Heinrichsthal,Bayern
2110,20021024,20220503,57,51.0411,6.1042, Heinsberg-Schleiden,Nordrhein-Westfalen
2115,19961220,20220502,4,54.175,7.892, Helgoland,Schleswig-Holstein
2119,20030426,20191023,650,50.238,11.7033, Helmbrechts,Bayern
2152,20040629,20220502,380,51.0425,10.1468, Herleshausen-Archfeld,Hessen
2159,20050614,20220502,434,48.5915,8.8541, Herrenberg,Baden-W�rttemberg
2167,20041201,20120331,302,49.7672,7.3356, Niederw�rresbach,Rheinland-Pfalz
2171,19941221,20220502,272,50.852,9.7377," Hersfeld, Bad",Hessen
2174,20101101,20220502,238,51.6255,10.3695, Herzberg,Niedersachsen
2175,20061018,20220502,340,51.689,10.357, Herzberg-Lonau,Niedersachsen
2184,20050201,20190726,340,51.2099,9.6914, Hessisch Lichtenau-F�rs,Hessen
2201,20050601,20220503,1,54.575,13.1044, Hiddensee-Vitte,Mecklenburg-Vorpommern
2211,20030708,20220502,295,50.737,7.6525, Hilgenroth,Rheinland-Pfalz
2213,20020918,20220502,407,50.3105,6.6236, Lissendorf,Rheinland-Pfalz
2222,20021221,20220503,1015,47.5561,10.4274, Unterjoch,Bayern
2233,20021113,20220502,446,50.404,11.8193, Hirschberg,Th�ringen
2236,20030327,20171231,205,49.049,7.756, Hirschthal,Rheinland-Pfalz
2252,20050701,20220503,271,50.8992,14.7456, Bertsdorf-H�rnitz,Sachsen
2254,20050601,20220502,46,52.2396,7.6449, H�rstel-Riesenbeck,Nordrhein-Westfalen
2261,19980212,20220502,565,50.3123,11.876, Hof,Bayern
2272,20091113,20220502,43,53.7784,11.5595, Ventschow,Mecklenburg-Vorpommern
2274,20020911,20220502,518,50.092,12.2134, Hohenberg/Eger,Bayern
2278,20041001,20220502,131,51.764,13.47, Hohenbucko,Brandenburg
2290,19931210,20220502,977,47.8009,11.0108, Hohenpei�enberg,Bayern
2292,20041021,20200930,740,48.3551,9.3356, Hohenstein-Bernloch,Baden-W�rttemberg
2293,20030526,20220502,315,50.1918,8.0888, Hohenstein-Breithardt,Hessen
2294,20011205,20220502,468,48.6572,12.0887, Hohenthann,Bayern
2306,20050706,20220503,8,54.3194,10.6732, Hohwacht,Schleswig-Holstein
2319,20050429,20220502,685,47.8823,11.6961, Holzkirchen,Bayern
2323,20060701,20220503,110,51.8529,9.4953," Bevern, Kr. Holzminden",Niedersachsen
2329,20020627,20220502,255,50.2446,8.5725," Homburg, Bad (Filterwer",Hessen
2331,20020613,20220502,235,49.3278,7.3533, Homburg/Saar,Saarland
2355,20050824,20220502,4,53.1228,8.4205, Hude/Oldenburg,Niedersachsen
2362,20040801,20220502,328,50.5651,7.4843, H�mmerich,Rheinland-Pfalz
2372,20070206,20220502,604,50.5466,12.5706, St�tzengr�n-Hundsh�bel,Sachsen
2376,20051025,20220502,455,48.6549,13.5077, B�chlberg-Tann�d,Bayern
2387,20020508,20220502,626,48.0374,10.7409, Buchloe,Bayern
2388,20050204,20220502,193,48.0419,7.6322, Ihringen,Baden-W�rttemberg
2405,20030328,20220502,960,47.6078,10.202, Immenstadt-Reute,Bayern
2409,20020129,20220503,360,48.7662,11.4539, Ingolstadt (Flussmeiste,Bayern
2412,20041221,20220503,690,47.7592,12.7502, Inzell,Bayern
2415,20030417,20220502,713,47.8177,11.8681, Irschenberg-Kasthub,Bayern
2416,20020902,20220502,549,48.2022,12.0382, Isen-Westach,Bayern
2429,20030705,20220502,21,53.9897,9.5696, Itzehoe,Schleswig-Holstein
2431,20020913,20220502,367,50.1337,10.9317, Itzgrund-Herreth,Bayern
2438,20080208,20220502,41,53.4277,13.8166, Uckerland-Karlstein,Brandenburg
2444,20040512,20220502,155,50.9251,11.583, Jena (Sternwarte),Th�ringen
2453,20040107,20220503,403,48.178,12.3798, Jettenbach,Bayern
2465,20011102,20220502,1,53.5083,9.7376, Jork-Moorende,Niedersachsen
2473,20041020,20220502,76,50.9316,6.3431, J�lich (Kl�ranlage),Nordrhein-Westfalen
2480,20040716,20220503,108,50.0643,8.993, Kahl/Main,Bayern
2483,19950804,20220502,839,51.1803,8.4891, Kahler Asten,Nordrhein-Westfalen
2485,20110411,20220502,489,48.917,9.6871, Kaisersbach-Cronh�tte,Baden-W�rttemberg
2486,20050301,20220503,271,49.4262,7.7557, Kaiserslautern,Rheinland-Pfalz
2497,20030605,20220502,505,50.5014,6.5264, Kall-Sistig,Nordrhein-Westfalen
2503,19911102,20030430,487,50.6266,10.1455, Kaltennordheim,Th�ringen
2518,20050929,20220502,34,54.0117,13.4999, Gro� Kiesow-Schlagtow,Mecklenburg-Vorpommern
2522,19960725,20081031,112,49.0382,8.3641, Karlsruhe,Baden-W�rttemberg
2531,20030307,20220502,32,53.1724,11.7491, Karst�dt/Prignitz,Brandenburg
2532,19990902,20131031,231,51.2963,9.4424, Kassel,Hessen
2538,20020618,20220502,425,49.3658,11.6925," Kastl, Kreis Amberg-Sul",Bayern
2541,20020724,20220502,452,50.5467,11.0317, Katzh�tte,Th�ringen
2542,20021204,20160331,716,47.8652,10.6007, Kaufbeuren,Bayern
2546,20060101,20220502,141,48.5576,7.88, Kehl-Odelshofen,Baden-W�rttemberg
2550,20020921,20220503,350,48.9244,11.85, Kelheim,Bayern
2556,20020912,20210331,460,49.8671,11.8807, Kemnath,Bayern
2559,19920430,20220502,705,47.7233,10.3348, Kempten,Bayern
2562,20081220,20220502,428,51.334,10.529, Helbed�ndorf-Keula,Th�ringen
2564,20130501,20220502,28,54.3776,10.1424, Kiel-Holtenau,Schleswig-Holstein
2575,20060808,20220502,432,49.1804,9.98, Kirchberg/Jagst-Herbold,Baden-W�rttemberg
2577,20050825,20220502,34,52.6007,8.8522," Kirchdorf, Kreis Diepho",Niedersachsen
2578,20030723,20220502,14,53.9995,11.4341, Kirchdorf/Poel,Mecklenburg-Vorpommern
2595,20021011,20220502,181,49.789,7.4853, Kirn,Rheinland-Pfalz
2597,19950602,20220502,282,50.224,10.0792," Kissingen, Bad",Bayern
2600,20041103,20220503,193,49.7363,10.1781, Kitzingen,Bayern
2601,19921002,20220502,822,50.2218,8.4469, Kleiner Feldberg/Taunus,Hessen
2618,20040811,20220503,732,50.8458,10.4803, Kleiner Inselsberg,Th�ringen
2625,20030317,20220502,38,52.739,12.4984, Kle�en,Brandenburg
2627,20030430,20220502,128,51.5554,13.8845, Klettwitz,Brandenburg
2629,20021023,20220503,46,51.7612,6.0954, Kleve,Nordrhein-Westfalen
2638,19921106,20220502,974,48.1054,8.7548, Klippeneck,Baden-W�rttemberg
2641,20040419,20220503,90,51.5185,12.9065, Klitzschen bei Torgau,Sachsen
2660,20031010,20220503,805,47.5699,11.3006, Kochel-Einsiedl (Kraftw,Bayern
2662,20061018,20220502,59,52.5233,11.1261, K�ckte,Sachsen-Anhalt
2667,19931112,20220502,92,50.8646,7.1575, K�ln-Bonn,Nordrhein-Westfalen
2673,20070608,20220502,53,52.1331,11.7757, K�nigsborn,Sachsen-Anhalt
2677,20061001,20220502,730,48.1413,8.4285, K�nigsfeld/Schwarzwald,Baden-W�rttemberg
2680,20050406,20220502,289,50.284,10.4456," K�nigshofen, Bad",Bayern
2689,20040901,20220502,40,53.2279,9.6527, K�nigsmoor,Niedersachsen
2700,20041025,20220502,416,48.8302,11.4872, K�sching,Bayern
2704,20030606,20220502,76,51.7511,12.0094, K�then (Anhalt),Sachsen-Anhalt
2708,20060607,20220503,742,47.6652,11.0805," Kohlgrub, Bad (Rosshof)",Bayern
2709,20021121,20220502,230,49.9164,10.2363, Kolitzheim,Bayern
2712,19930813,20220502,428,47.6952,9.1307, Konstanz,Baden-W�rttemberg
2718,20020704,20220502,458,51.288,8.7928, Korbach-Rhena,Hessen
2729,20060101,20070430,596,48.0135,9.2456, Krauchenwies,Baden-W�rttemberg
2733,20040908,20220502,46,52.7277,13.0121, Kremmen-Gro� Ziethen,Brandenburg
2734,20051206,20220502,2,54.3237,9.0247, Krempel,Schleswig-Holstein
2740,20030417,20220502,897,47.6105,11.6462, Kreuth-Glash�tte,Bayern
2749,20040801,20220502,52,54.0805,11.7425, Gersdorf,Mecklenburg-Vorpommern
2750,20050801,20220502,310,50.2524,11.3209, Kronach,Bayern
2759,20031008,20220503,873,47.5041,11.2814, Kr�n,Bayern
2763,20051201,20220502,1,53.5039,7.1217, Norden-Leybuchtpolder,Niedersachsen
2779,20040921,20220502,63,53.1486,12.0851, Kuhbier,Brandenburg
2787,20050101,20220502,354,49.2428,9.6786, Kupferzell-Rechbach,Baden-W�rttemberg
2792,20020822,20220502,498,48.3737,10.7604, Diedorf/Schwaben-Biburg,Bayern
2794,19920316,20220502,40,52.9362,12.4093, Kyritz,Brandenburg
2810,20061031,20220502,150,51.9446,8.7749," Lage, Kreis Lippe-H�rst",Nordrhein-Westfalen
2812,19960829,20220502,156,48.3647,7.828, Lahr,Baden-W�rttemberg
2814,20020904,20220502,687,48.5122,9.7644, Merklingen,Baden-W�rttemberg
2822,20040901,20220502,25,53.6369,9.0979, Lamstedt,Niedersachsen
2839,20061020,20220502,210,51.9262,10.3461, Langelsheim-Astfeld,Niedersachsen
2844,20070825,20220502,13,53.6956,8.6291," Langen-Hol�el, Kreis Cu",Niedersachsen
2850,20061010,20220502,778,48.1994,9.3327, Langenenslingen-Ittenha,Baden-W�rttemberg
2856,20030722,20220503,91,51.9173,13.0878, Langenlipsdorf,Brandenburg
2860,20020912,20220502,371,49.5076,10.7885, Langenzenn,Bayern
2878,19930122,20220502,117,51.3909,11.8786," Lauchst�dt, Bad",Sachsen-Anhalt
2880,20050705,20220502,319,49.5522,9.6345, Lauda-K�nigshofen-Heckf,Baden-W�rttemberg
2884,20020213,20220503,310,49.5042,11.2736, Lauf/Pegnitz (Kl�ranlag,Bayern
2885,20021017,20220503,430,47.9522,12.8978, Laufen/Obb.-Lebenau,Bayern
2890,20060901,20220502,305,51.5957,10.463," Lauterberg,Bad-Bartolfe",Niedersachsen
2900,20071018,20220502,208,49.709,8.6908, Lautertal/Odenwald-Reic,Hessen
2907,19990202,20220502,7,54.7903,8.9514, Leck,Schleswig-Holstein
2925,19911104,20220502,356,51.3932,10.3123, Leinefelde,Th�ringen
2928,19970206,20220502,138,51.3151,12.4462, Leipzig-Holzhausen,Sachsen
2932,19911101,20220502,131,51.4347,12.2396, Leipzig/Halle,Sachsen
2947,20060831,20220503,286,51.1333,8.0348, Lennestadt-Theten,Nordrhein-Westfalen
2951,20030305,20220502,20,53.1007,11.4864, Lenzen/Elbe,Brandenburg
2953,20070401,20220502,854,47.8597,8.2308, Lenzkirch-Ruhb�hl,Baden-W�rttemberg
2958,20040813,20220502,204,51.0265,14.9357, Ostritz,Sachsen
2968,20081201,20220503,43,50.9894,6.9777, K�ln-Stammheim,Nordrhein-Westfalen
2985,19911102,20220502,321,50.9383,14.2094, Lichtenhain-Mittelndorf,Sachsen
2988,20020627,20220502,162,51.4882,9.2493, Liebenau-Haueda,Hessen
2992,20041101,20220502,495,50.5276,11.6604, Remptendorf,Th�ringen
2996,20060101,20161026,352,48.7726,8.7287," Liebenzell, Bad",Baden-W�rttemberg
2997,20030508,20220502,50,51.9861,14.3044, Lieberose,Brandenburg
2999,20040519,20220502,55,52.1211,7.8699, Lienen-Kattenvenne,Nordrhein-Westfalen
3012,20020918,20220503,750,49.0315,13.3272, Lindberg-Buchenau,Bayern
3015,19921107,20220502,98,52.2085,14.118, Lindenberg,Brandenburg
3023,19910102,20161231,22,52.5181,7.3081, Lingen,Niedersachsen
3028,19920806,20220502,157,51.7854,8.8388," Lippspringe, Bad",Nordrhein-Westfalen
3031,20020920,20220502,92,51.6336,8.3945, Lippstadt-B�kenf�rde,Nordrhein-Westfalen
3032,19951202,20220503,25,55.011,8.4125, List auf Sylt,Schleswig-Holstein
3034,20061113,20220503,496,50.4505,11.635," Lobenstein, Bad",Th�ringen
3042,20080423,20220503,230,50.5617,8.2386, L�hnberg-Obershausen,Hessen
3044,20070701,20180531,22,52.7198,7.7472, L�ningen,Niedersachsen
3080,20021009,20220502,521,50.5131,11.3664, Ludwigsstadt-Lauenstein,Bayern
3081,20071027,20220502,65,52.3452,8.6477, Espelkamp-Isenstedt,Nordrhein-Westfalen
3083,20040930,20220503,57,51.9267,13.8797, L�bben-Blumenfelde,Brandenburg
3086,19960702,20220502,15,53.8025,10.6989, L�beck-Blankensee,Schleswig-Holstein
3093,19930923,20220502,16,52.9724,11.1374, L�chow,Niedersachsen
3094,20060914,20220502,166,51.3122,14.0499, Kamenz-Cunnersdorf,Sachsen
3098,19940101,20220502,387,51.2452,7.6425, L�denscheid,Nordrhein-Westfalen
3121,20020614,20220502,677,49.9113,12.5276, M�hring,Bayern
3126,19911102,20220502,79,52.1029,11.5827, Magdeburg,Sachsen-Anhalt
3136,20011114,20220502,102,50.1294,8.8209, M�hlheim/Main,Hessen
3137,20080228,20220503,195,49.9656,8.2139, Mainz-Lerchenberg (ZDF),Rheinland-Pfalz
3146,20040914,20220502,31,53.2141,11.3686, Malk G�hren,Mecklenburg-Vorpommern
3147,20130901,20200802,390,48.7548,12.2118, Mallersdorf-Pfaffenberg,Bayern
3148,20061101,20070618,40,53.2113,11.3247, Malli�,Mecklenburg-Vorpommern
3153,20020821,20220502,449,48.6189,12.6233, Mamming-Schneiderberg,Bayern
3155,20030612,20220502,413,50.1015,6.8009, Manderscheid-Sonnenhof,Rheinland-Pfalz
3158,19911101,20220502,12,52.5468,14.5453, Manschnow,Brandenburg
3164,20060701,20220502,187,50.8492,8.7745," C�lbe, Kr. Marburg-Bied",Hessen
3166,19911103,20220502,639,50.6511,13.1469, Marienberg,Sachsen
3167,19990602,20220502,547,50.6621,7.9603," Marienberg, Bad",Rheinland-Pfalz
3175,20060912,20220502,504,50.5219,12.8282, Raschau,Sachsen
3179,20011129,20220502,320,49.666,10.3851, Markt Bibart,Bayern
3181,20210801,20220502,360,49.4875,10.6277, Markt Erlbach-Hagenhofe,Bayern
3190,20030113,20220503,790,47.7196,10.6433, Marktoberdorf-Sulzschne,Bayern
3192,20041112,20220502,506,47.7046,13.0372, Marktschellenberg,Bayern
3196,19920617,20220502,81,53.3222,11.9321, Marnitz,Mecklenburg-Vorpommern
3204,20080530,20220503,429,50.7335,10.8815, Martinroda,Th�ringen
3205,20050623,20220502,33,52.6579,13.179, Marwitz (Wasserwerk),Brandenburg
3207,20020911,20220502,328,50.1798,10.272, Ma�bach,Bayern
3215,20070601,20220502,375,51.1683,8.7125, Medebach-Berge,Nordrhein-Westfalen
3217,20060705,20220502,22,54.8373,9.1481, Weesby,Schleswig-Holstein
3220,20020905,20220503,450,50.3571,10.8832, Meeder-Ottowind,Bayern
3226,20060801,20220502,107,51.7259,11.5109, Aschersleben-Mehringen,Sachsen-Anhalt
3231,19911102,20220502,450,50.5611,10.3771, Meiningen,Th�ringen
3234,20050201,20220502,158,51.1294,13.4328, Garsebach bei Mei�en,Sachsen
3238,20110601,20220502,2,53.9497,13.9742, Dewichow,Mecklenburg-Vorpommern
3244,20090720,20220502,614,47.9821,10.1384, Memmingen,Bayern
3247,20070501,20220502,559,48.0557,9.3185, Mengen-Ennetach,Baden-W�rttemberg
3248,20070401,20220502,516,50.3904,11.1324, Frankenblick-Mengersger,Th�ringen
3257,20040429,20220502,251,49.4773,9.7622," Mergentheim, Bad-Neunki",Baden-W�rttemberg
3258,20020806,20220503,510,48.2708,10.9768, Mering (Bauhof),Bayern
3263,20021029,20220502,171,49.4566,6.6266, Merzig,Saarland
3268,20131001,20220502,900,48.1694,8.9433, Me�stetten-Appental,Baden-W�rttemberg
3271,20041013,20220502,314,48.8548,12.9189, Metten,Bayern
3278,20021025,20220503,354,48.5377,9.2734, Metzingen,Baden-W�rttemberg
3279,20020515,20220502,173,51.0452,12.2989, Meuselwitz,Th�ringen
3280,20030508,20220502,98,53.3083,12.2937, Meyenburg,Brandenburg
3284,20050406,20220502,240,49.6692,9.0085, Michelstadt,Hessen
3287,19910102,20220502,453,49.7177,9.0997, Michelstadt-Vielbrunn,Hessen
3289,20041101,20220503,356,50.7281,11.7838, Schmieritz-Weltwitz,Th�ringen
3293,20020902,20220503,590,48.064,10.4839, Mindelheim,Bayern
3297,20050609,20220502,64,53.2681,12.7221, Kr�mmel,Mecklenburg-Vorpommern
3304,20070401,20220502,294,51.2327,10.7694, Freienbessingen,Th�ringen
3307,20080128,20220503,984,47.4779,11.2653, Mittenwald-Buckelwiesen,Bayern
3308,20050616,20220502,74,53.1846,13.6545, Mittenwalde/Uckermark,Brandenburg
3319,20060901,20220503,239,49.7644,9.253, R�llbach,Bayern
3321,20050701,20220502,77,51.1313,6.3609, M�nchengladbach-Hildera,Nordrhein-Westfalen
3339,20060728,20220502,541,50.5202,6.2084, Monschau-Kalterherberg,Nordrhein-Westfalen
3340,20050501,20220329,265,50.4383,7.8061, Montabaur,Rheinland-Pfalz
3342,20050126,20220502,0,53.311,7.4329, Moormerland-Neermoor,Niedersachsen
3348,20040421,20220503,240,51.7209,9.8352, Moringen-Lutterbeck,Niedersachsen
3362,20060621,20220502,243,48.9721,8.8735, M�hlacker,Baden-W�rttemberg
3364,20020920,20220502,286,50.8681,10.8211, Drei Gleichen-M�hlberg,Th�ringen
3366,19890307,20220502,406,48.279,12.5024, M�hldorf,Bayern
3376,20031219,20220502,63,52.5176,14.1232, M�ncheberg,Brandenburg
3379,19970712,20220502,515,48.1632,11.5429, M�nchen-Stadt,Bayern
3402,20020904,20220502,755,48.3851,9.4837, M�nsingen-Apfelstetten,Baden-W�rttemberg
3413,20020514,20220502,155,50.4522,8.7317, M�nzenberg-Gambach,Hessen
3418,20060101,20220502,594,48.2754,9.6355, Ehingen-Kirchen,Baden-W�rttemberg
3426,20021218,20220502,127,51.566,14.7008," Muskau, Bad",Sachsen
3429,20020808,20220503,366,49.4497,12.1874, Nabburg (Flussmeisterst,Bayern
3432,20060915,20220502,380,48.5675,8.7179, Nagold,Baden-W�rttemberg
3435,20011205,20220502,477,48.5235,11.8398, Nandlstadt,Bayern
3438,20041025,20220502,401,48.8016,11.2181, Nassenfels,Bayern
3440,20050808,20220502,530,48.7071,10.2997, Nattheim-Fleinheim,Baden-W�rttemberg
3442,20041001,20220503,149,50.3574,8.7506," Nauheim, Bad",Hessen
3443,20041101,20170630,304,51.2748,9.1975, Naumburg-Altenst�dt,Hessen
3445,20040422,20220502,100,51.9245,12.8888, Jessen (Elster)-Naundor,Sachsen-Anhalt
3448,20060101,20220502,117,49.3945,8.8046, Neckargem�nd-Kleingem�n,Baden-W�rttemberg
3473,20040902,20220502,89,53.0528,12.7562, Neuruppin-G�hlen Glieni,Brandenburg
3478,19911102,20050816,81,53.5468,13.1914, Neubrandenburg,Mecklenburg-Vorpommern
3485,20041122,20220503,486,48.3115,10.3773, Neuburg/Kammel-Langenha,Bayern
3490,20030707,20220502,111,50.5346,7.0853," Neuenahr, Bad-Ahrweiler",Rheinland-Pfalz
3491,20020619,20220502,738,50.441,11.2401, F�ritztal-Neuenbau,Th�ringen
3497,20030212,20220502,336,50.1226,11.5596, Ludwigschorgast,Bayern
3499,20060608,20220502,292,51.2915,7.853, Neuenrade-Blintrop,Nordrhein-Westfalen
3509,20041001,20220502,78,53.102,13.0421, Menz,Brandenburg
3513,19911103,20220502,845,50.5003,11.1345, Neuhaus am Rennweg,Th�ringen
3519,20050301,20220502,663,47.9519,8.9932, Neuhausen ob Eck-Unters,Baden-W�rttemberg
3525,20030201,20220503,460,49.2586,12.9601, Neukirchen bei Heiligen,Bayern
3527,20030523,20220502,500,50.8923,9.405, Neukirchen-Hauptschwend,Hessen
3535,20020731,20220503,438,48.3658,12.5211, Neumarkt-Sankt Veit (Kl,Bayern
3536,20030203,20220503,420,49.2835,11.4525, Neumarkt/Oberpfalz,Bayern
3540,20040818,20220503,195,50.8446,7.372, Neunkirchen-Seelscheid-,Nordrhein-Westfalen
3545,20050301,20220502,236,49.344,7.2297, Neunkirchen-Wellesweile,Saarland
3552,19911110,20190407,38,52.9037,12.8072, Neuruppin,Brandenburg
3558,20061116,20220502,41,52.5,9.4941, Neustadt am R�benberge,Niedersachsen
3560,20020830,20220503,230,50.3039,10.176," Neustadt, Bad",Bayern
3564,20041216,20220502,35,53.4571,11.5687, Neustadt-Glewe-Friedric,Mecklenburg-Vorpommern
3571,20071128,20220502,452,49.8174,11.8638, Neustadt am Kulm-Filche,Bayern
3572,20020904,20220503,330,50.3198,11.1104, Neustadt bei Coburg (Kl,Bayern
3584,20020926,20220502,365,49.8135,6.5857, Newel,Rheinland-Pfalz
3589,20020515,20220502,162,50.2741,8.8653, Nidderau-Erbstadt,Hessen
3591,20030605,20220503,350,50.6743,6.424, Nideggen-Schmidt,Nordrhein-Westfalen
3602,20051001,20220502,421,50.1749,6.77, Oberstadtfeld,Rheinland-Pfalz
3607,20020903,20220502,416,48.6106,12.4143, Loiching,Bayern
3612,20070222,20220502,25,52.6711,9.2229, Nienburg,Niedersachsen
3617,20030313,20220502,431,49.1658,12.2788, Nittenau-Harting,Bayern
3621,20051109,20220503,435,48.8253,10.5067, Reimlingen,Bayern
3625,20040901,20220502,403,49.5568,7.0716, Nohfelden-Gonnesweiler,Saarland
3631,19930915,20220502,12,53.7123,7.1519, Norderney,Niedersachsen
3650,20041111,20220502,212,51.763,10.0416, Northeim-Imbshausen,Niedersachsen
3660,19950402,20220502,485,50.3602,6.8697, N�rburg-Barweiler,Rheinland-Pfalz
3667,20041123,20220503,369,49.4258,11.2539, N�rnberg-Netzstall,Bayern
3668,19950808,20220502,314,49.503,11.0549, N�rnberg,Bayern
3677,20040322,20220502,832,47.603,11.0607, Oberammergau,Bayern
3679,20061101,20220503,518,47.6187,12.1665, Kiefersfelden-Gach,Bayern
3681,20020830,20220502,426,49.9185,10.5963, Oberaurach-Fatschenbrun,Bayern
3690,20061001,20220502,372,48.3862,8.1426, Oberharmersbach,Baden-W�rttemberg
3700,20050831,20220502,472,50.2661,9.7727, Oberleichtersbach-Modlo,Bayern
3704,20061001,20220502,516,48.2851,8.5764, Oberndorf/Neckar,Baden-W�rttemberg
3714,20030507,20220502,896,47.5538,9.9406, Oberreute,Bayern
3722,20041006,20220502,484,48.2443,11.5528, Oberschlei�heim,Bayern
3729,20050501,20220503,748,47.5577,10.0938, Oberstaufen-Thalkirchdo,Bayern
3730,19940731,20220502,806,47.3984,10.2759, Oberstdorf,Bayern
3733,20061001,20161019,468,49.0495,9.3923, Oberstenfeld-Prevorst,Baden-W�rttemberg
3734,20030926,20220503,230,49.128,9.3525, Obersulm-Willsbach,Baden-W�rttemberg
3739,20050110,20220503,596,49.4521,12.4365, Oberviechtach,Bayern
3740,20080401,20220502,195,50.9933,13.9807, Lohmen/Sachsen,Sachsen
3761,19920702,20220502,276,49.207,9.5176, �hringen,Baden-W�rttemberg
3791,19981002,20120930,11,53.1763,8.1824, Oldenburg,Niedersachsen
3795,20041018,20220502,49,51.7066,7.3564, Olfen,Nordrhein-Westfalen
3802,20061001,20161026,315,48.4765,8.1624, Oppenau,Baden-W�rttemberg
3811,19911107,20220502,150,51.296,13.0928, Oschatz,Sachsen
3815,19930102,20101130,95,52.2553,8.0534, Osnabr�ck,Niedersachsen
3820,20070920,20220502,52,52.3657,8.2013, Ostercappeln-Schwagstor,Niedersachsen
3821,19911102,20220428,246,51.0873,11.9293, Osterfeld,Sachsen-Anhalt
3836,20060301,20220502,314,50.4538,10.2211, Ostheim v.d. Rh�n,Bayern
3844,20090701,20220502,295,51.9473,9.3999, Ottenstein,Niedersachsen
3848,20050901,20220502,17,53.1403,9.1517, Ottersberg-Otterstedt,Niedersachsen
3849,20030626,20220502,667,47.9303,10.31, Ottobeuren,Bayern
3853,20040901,20220502,2,53.3819,8.4493, Ovelg�nne,Niedersachsen
3857,20041118,20220503,886,47.6362,10.3892, Oy-Mittelberg-Peterstha,Bayern
3875,20041015,20220502,549,49.151,11.6896, Parsberg/Oberpfalz-Eglw,Bayern
3880,20041103,20041207,88,53.9465,11.7566, T�zen,Mecklenburg-Vorpommern
3881,20041101,20220502,12,53.142,14.1074, Passow,Brandenburg
3886,20021016,20220503,420,49.7408,11.5528, Pegnitz (Kl�ranlage),Bayern
3897,20060818,20220502,2,54.0893,10.8773, Pelzerhaken,Schleswig-Holstein
3904,20040901,20220503,152,49.5354,6.3789, Perl-Nennig,Saarland
3906,20031002,20220502,40,53.0952,11.8603, Perleberg,Brandenburg
3911,20020627,20220502,305,50.6175,9.725, Petersberg-Marbach,Hessen
3913,20040519,20220502,43,52.3817,9.0176, Petershagen,Nordrhein-Westfalen
3919,20020828,20220502,381,48.4252,12.9924, Pfarrkirchen,Bayern
3925,20050901,20220503,332,48.9329,8.6973, Pforzheim-Ispringen,Baden-W�rttemberg
3927,20031101,20220502,630,47.9345,9.2869, Pfullendorf,Baden-W�rttemberg
3939,20041001,20220503,385,49.1912,7.5879, Pirmasens,Rheinland-Pfalz
3945,20050120,20220502,66,53.4584,12.2417, Plau am See,Mecklenburg-Vorpommern
3946,19911102,20220502,387,50.4818,12.13, Plauen,Sachsen
3948,20020913,20220502,443,49.649,11.4685, Plech,Bayern
3950,20030428,20220430,380,49.1248,10.9731, Pleinfeld-Mandlesm�hle,Bayern
3960,20020828,20220502,323,48.3952,13.3139, Pocking,Bayern
3965,20071201,20220502,5,54.1034,13.1533, S�derholz-Neuendorf,Mecklenburg-Vorpommern
3967,20050401,20220502,70,52.1836,14.5748, Pohlitz,Brandenburg
3972,20011128,20220502,510,48.9343,10.7586, Polsingen-D�ckingen,Bayern
3975,20041124,20220502,522,49.4777,11.5357, Pommelsbrunn-Mittelburg,Bayern
3987,19920817,20220502,81,52.3812,13.0622, Potsdam,Brandenburg
3999,20020717,20220502,597,49.7844,12.0331, Pressath-M�hlberg,Bayern
4000,20020313,20220502,640,50.2277,11.5486, Presseck,Bayern
4016,20020912,20220502,284,49.8526,10.1006, Prosselsheim-Seligensta,Bayern
4017,20020920,20220502,386,50.1807,6.3509, Pr�m-Watzerath,Rheinland-Pfalz
4023,20100303,20220502,270,51.2006,14.0207, Pulsnitz,Sachsen
4024,19911102,20220502,40,54.3643,13.4771, Putbus,Mecklenburg-Vorpommern
4032,20061201,20220502,142,51.7953,11.132, Quedlinburg,Sachsen-Anhalt
4036,20070117,20220503,204,51.3895,11.5412, Querfurt-M�hle Lodersle,Sachsen-Anhalt
4039,20030513,20220502,11,53.7331,9.8776, Quickborn,Schleswig-Holstein
4052,20071017,20220502,94,51.7557,12.5104, Kemberg-Radis,Sachsen-Anhalt
4063,20021022,20220502,41,52.4461,8.5906, Rahden-Kleinendorf,Nordrhein-Westfalen
4065,20020430,20220502,462,48.6192,11.0059, Rain am Lech-Wallerdorf,Bayern
4078,20051005,20220502,16,53.2427,8.2237, Rastede,Niedersachsen
4080,20050901,20220502,10,53.7409,13.7906, Rathebur,Mecklenburg-Vorpommern
4090,20020710,20220502,89,50.0056,8.4291, Raunheim,Hessen
4094,20030717,20220503,441,47.8062,9.6206," Weingarten, Kr. Ravensb",Baden-W�rttemberg
4101,20040526,20220502,16,53.3469,11.1992, Redefin,Mecklenburg-Vorpommern
4104,19940316,20220502,365,49.0425,12.1019, Regensburg,Bayern
4109,20020617,20220502,586,50.2214,12.0275, Rehau,Bayern
4112,20061201,20220502,60,52.4396,9.1335, Rehburg-Loccum,Niedersachsen
4127,20050101,20220502,347,50.9906,7.6958, Reichshof-Eckenhagen,Nordrhein-Westfalen
4132,20020527,20220502,115,51.4841,9.6121, Reinhardshagen-Vaake,Hessen
4134,20020506,20181031,172,49.8366,8.8806, Otzberg-Habitzheim,Hessen
4135,20070509,20220502,336,51.4248,10.1898, Reinholterode,Th�ringen
4150,20051107,20220502,59,51.8118,7.0907, Reken,Nordrhein-Westfalen
4154,20110201,20180630,345,51.18,7.2505, Remscheid-Lennep,Nordrhein-Westfalen
4159,20020905,20220502,522,48.8104,10.9359, Tagmersheim-Blossenau,Bayern
4160,20020718,20220502,478,48.7425,8.924, Renningen-Ihinger Hof,Baden-W�rttemberg
4167,20120101,20130711,370,49.8633,7.3378, Rhaunen,Rheinland-Pfalz
4169,20021023,20220503,131,48.6703,7.9939, Rheinau-Memprechtshofen,Baden-W�rttemberg
4175,20030410,20220502,283,47.559,7.7721, Rheinfelden,Baden-W�rttemberg
4177,20081101,20220502,116,48.9726,8.3301, Rheinstetten,Baden-W�rttemberg
4185,20021220,20220502,363,48.9557,11.7278, Riedenburg,Bayern
4189,20030806,20220503,534,48.1479,9.4596," Altheim, Kreis Biberach",Baden-W�rttemberg
4211,20060915,20220502,493,48.4245,8.3303," Rippoldsau, Bad",Baden-W�rttemberg
4218,20020904,20220503,300,50.3311,10.7918, Rodach (Kl�ranlage),Bayern
4219,20021015,20220502,512,50.3965,6.8568, Rodder,Rheinland-Pfalz
4224,20030313,20220502,388,49.2412,12.4125, Roding-Neub�u,Bayern
4230,20020506,20220502,137,49.9832,8.8395, R�dermark-Ober-Roden,Hessen
4248,20020130,20220502,402,49.3082,10.9183, Rohr/Mittelfranken-Dech,Bayern
4251,20050301,20220503,1067,47.4069,10.1676, Oberstdorf-Rohrmoos,Bayern
4261,20060208,20220502,442,47.8753,12.128, Rosenheim,Bayern
4271,19911114,20220502,4,54.1803,12.0808, Rostock-Warnem�nde,Mecklenburg-Vorpommern
4275,20041201,20220502,32,53.1288,9.3398, Rotenburg (W�mme),Niedersachsen
4280,20131212,20220502,386,49.2162,11.1035, Roth,Bayern
4282,20040601,20220502,24,53.5954,13.8121, Rothem�hl,Mecklenburg-Vorpommern
4287,20041006,20220502,415,49.3848,10.1732, Rothenburg ob der Taube,Bayern
4288,20051004,20220502,95,52.1038,8.1808," Rothenfelde, Bad",Niedersachsen
4290,20040610,20170418,14,53.5169,14.2044, Rothenklempenow,Mecklenburg-Vorpommern
4294,20041026,20220502,360,48.4704,8.9687, Rottenburg-Kiebingen,Baden-W�rttemberg
4300,20021119,20220502,589,48.1815,8.6356, Rottweil,Baden-W�rttemberg
4301,20040831,20220502,102,49.8502,7.871," Kreuznach, Bad",Rheinland-Pfalz
4303,20021009,20051017,395,48.6532,13.4233, Ruderting,Bayern
4308,20020710,20220502,403,50.0517,7.8876, R�desheim-Presberg,Hessen
4310,20020523,20220502,105,49.1609,8.3009, R�lzheim,Rheinland-Pfalz
4313,20040624,20220502,370,51.4966,8.4342, R�then,Nordrhein-Westfalen
4315,20050901,20220502,914,48.5615,8.2228, Baiersbronn-Ruhestein,Baden-W�rttemberg
4323,20050209,20220502,461,49.6468,7.8837, Ruppertsecken,Rheinland-Pfalz
4336,19960621,20220502,320,49.2128,7.1077, Saarbr�cken-Ensheim,Saarland
4349,20040311,20220503,251,48.9569,9.0711, Sachsenheim,Baden-W�rttemberg
4351,20061001,20220502,295,47.5582,7.9773," S�ckingen, Bad/ Rhein",Baden-W�rttemberg
4352,20070720,20220502,4,54.5159,13.5305, Sagard,Mecklenburg-Vorpommern
4354,20051130,20220503,457,48.7832,13.3146, Saldenburg-Entschenreut,Bayern
4367,20090901,20220502,175,52.0781,9.552, Salzhemmendorf-Lauenste,Niedersachsen
4368,20040817,20220502,93,51.7098,8.5796, Salzkotten,Nordrhein-Westfalen
4371,19920604,20220502,135,52.1042,8.7521," Salzuflen, Bad",Nordrhein-Westfalen
4374,20021018,20220503,687,47.7774,12.2102, Samerberg-Geisenkam,Bayern
4377,20050728,20220502,518,50.3518,10.0034, Sandberg,Bayern
4387,20030326,20220502,805,49.0029,12.8237, Sankt Englmar,Bayern
4393,19991203,20220502,5,54.3279,8.6031, Sankt Peter-Ording,Schleswig-Holstein
4400,20040623,20220502,171,51.5439,8.1808," Sassendorf, Bad-Beusing",Nordrhein-Westfalen
4405,20060301,20220502,35,54.6854,9.6261, Satrup,Schleswig-Holstein
4411,20011102,20220502,155,49.9195,8.9671, Schaafheim-Schlierbach,Hessen
4412,20030204,20220502,95,52.198,11.4218, Schackensleben,Sachsen-Anhalt
4413,20021115,20220502,555,47.9767,11.4693, Sch�ftlarn-Kloster Sch�,Bayern
4441,20011208,20220502,479,48.5025,11.4543, Scheyern,Bayern
4445,19911113,20220502,609,51.7658,10.6533, Wernigerode-Schierke,Sachsen-Anhalt
4464,19911102,20220502,501,50.5679,11.8041, Schleiz,Th�ringen
4466,19910418,20220502,43,54.5275,9.5487, Schleswig,Schleswig-Holstein
4469,20060801,20220502,399,50.5071,10.762, Schleusingen,Th�ringen
4477,20050531,20050930,993,47.8208,8.186, Schluchsee,Baden-W�rttemberg
4480,20021001,20220502,230,50.3447,9.5533, Schl�chtern-Herolz,Hessen
4485,20040930,20170228,296,50.725,10.4539," Schmalkalden, Kurort",Th�ringen
4488,20060616,20220502,443,51.2127,8.2672, Schmallenberg-Sellingha,Nordrhein-Westfalen
4490,20020710,20220502,223,49.4149,6.836, Schmelz-H�ttersdorf,Saarland
4493,20030226,20220502,417,49.4116,12.076, Schmidgaden,Bayern
4494,20030313,20220502,455,49.2806,11.914, Schmidm�hlen,Bayern
4501,19921006,20220502,938,50.6545,10.7696, Schm�cke,Th�ringen
4508,20030715,20220502,649,50.2968,6.4194, Schneifelforsthaus,Rheinland-Pfalz
4546,20030325,20220502,684,49.5273,12.5705, Sch�nsee-Dietersdorf,Bayern
4548,20070701,20220503,608,50.1847,12.0791, Sch�nwald/Ofr.-Brunn,Bayern
4555,20060713,20220502,29,52.663,12.1812, Schollene,Sachsen-Anhalt
4559,20041214,20220502,398,49.1644,12.6175, Schorndorf-Kn�bling,Bayern
4560,20040901,20220101,265,50.4925,9.1226, Schotten,Hessen
4566,20030307,20130831,46,52.9738,12.1115, Schrepkow,Brandenburg
4567,20011206,20220502,417,48.5532,11.2844, Schrobenhausen,Bayern
4579,20020901,20220503,538,48.2008,10.7293, Schwabm�nchen,Bayern
4592,20050929,20220503,356,49.3278,12.0871, Schwandorf,Bayern
4594,20051005,20220502,1,53.2338,8.5115, Schwanewede-Neuenkirche,Niedersachsen
4599,20041123,20220502,331,49.3425,11.1077, Wendelstein-Kleinschwar,Bayern
4600,20050701,20220502,12,52.9081,9.0453, Schwarme,Niedersachsen
4601,20070723,20220502,28,52.6797,9.6524, Essel,Niedersachsen
4602,20081024,20220502,26,53.9385,10.6983," Schwartau,Bad -Gro� Par",Schleswig-Holstein
4603,20020911,20220503,188,49.7975,10.2191, Schwarzach/Main (Kl�rwe,Bayern
4605,20030620,20220503,277,50.6441,11.1936, Schwarzburg,Th�ringen
4617,20061005,20220502,1368,47.6701,11.8544, Obere Firstalm/Schliers,Bayern
4618,20021213,20220502,30,52.747,11.9792, Schwarzholz,Sachsen-Anhalt
4623,20050606,20200430,834,48.1042,8.9976," Schwenningen, Kreis Sig",Baden-W�rttemberg
4625,19911102,20220502,59,53.6424,11.3871, Schwerin,Mecklenburg-Vorpommern
4637,20080801,20220502,31,52.5404,13.1243, Staaken,Brandenburg
4641,20041221,20220503,802,47.6711,10.6271, Seeg (Kl�ranlage),Bayern
4642,19911102,20220502,21,52.8911,11.7297, Seehausen,Sachsen-Anhalt
4651,20041014,20220503,186,51.904,10.1885, Seesen,Niedersachsen
4655,20061001,20111130,804,48.5975,8.4268, Seewald-Besenfeld,Baden-W�rttemberg
4661,20080320,20080622,205,50.6299,7.5603, Seifen,Rheinland-Pfalz
4666,20050601,20220502,40,54.3444,10.4581, K�hn,Schleswig-Holstein
4683,20120401,20220502,46,52.516,7.6762, F�rstenau,Niedersachsen
4692,20080301,20181130,229,50.8534,7.9966, Siegen (Kl�ranlage),Nordrhein-Westfalen
4694,20020912,20220503,380,48.7629,11.843, Siegenburg (Kl�ranlage),Bayern
4703,20020902,20220502,581,48.0719,9.1943, Sigmaringen-Laiz,Baden-W�rttemberg
4704,20050118,20220503,508,47.5776,9.7404, Sigmarszell-Zeisertswei,Bayern
4706,20050101,20220502,358,48.2718,13.0273, Simbach/Inn,Bayern
4709,20111005,20220503,445,49.9996,7.5981, Simmern-Wahlbach,Rheinland-Pfalz
4710,20070322,20220502,718,48.6191,8.5247, Simmersfeld,Baden-W�rttemberg
4712,20060607,20220502,428,48.0821,8.0919, Simonswald-Obersimonswa,Baden-W�rttemberg
4741,20041201,20220502,152,51.14,7.093, Solingen-Hohenscheid,Nordrhein-Westfalen
4745,19921028,20220502,75,52.9604,9.793, Soltau,Niedersachsen
4748,20040622,20101231,221,51.352,10.9059, Sondershausen,Th�ringen
4752,19911102,20080630,626,50.3746,11.1828, Sonneberg-Neufang,Th�ringen
4755,20020830,20220502,847,48.6819,13.7351, Sonnen,Bayern
4760,20021221,20220503,730,47.5219,10.2613, Sonthofen (Flussmeister,Bayern
4763,20030520,20220503,265,51.0607,9.9266, Sontra,Hessen
4790,20060201,20220502,98,52.2054,9.5668, Springe,Niedersachsen
4801,20020918,20191011,460,50.007,11.2052, Stadelhofen,Bayern
4803,20090901,20220502,1,53.4926,8.3768, Butjadingen-Inte,Niedersachsen
4813,20200801,20220502,318,50.0806,11.0466," Staffelstein, Bad-Stubl",Bayern
4816,20020919,20220503,390,49.0568,12.6395, Stallwang,Bayern
4818,20020617,20220502,597,50.1531,11.7402, Stammbach-Querenbach,Bayern
4827,20031023,20220503,540,47.7941,12.486, Grassau,Bayern
4841,20040512,20220502,1,53.6946,8.8735," Steinau, Kr. Cuxhaven",Niedersachsen
4849,20050502,20220502,64,52.1173,7.3411, Steinfurt-Burgsteinfurt,Nordrhein-Westfalen
4850,20100101,20220502,779,47.7112,10.8758, Steingaden-Lauterbach,Bayern
4857,20040728,20220503,1,53.5534,9.6097, Mittelnkirchen-Hohenfel,Niedersachsen
4858,20020731,20220503,485,48.3773,12.0927, Steinkirchen-Hofstarrin,Bayern
4878,20041005,20220503,504,51.6646,10.8811, Oberharz am Brocken-Sti,Sachsen-Anhalt
4881,20041110,20220502,532,47.8591,9.0152, Stockach,Baden-W�rttemberg
4883,20050824,20220502,18,52.7659,9.4046, Frankenfeld-Hedern,Niedersachsen
4887,19941203,20220502,734,48.6656,9.8648, St�tten,Baden-W�rttemberg
4896,20050518,20220502,40,54.6654,9.805, Wagersrott,Schleswig-Holstein
4911,19961025,20220502,351,48.8275,12.5597, Straubing,Bayern
4912,20060701,20220502,81,52.5884,13.9289, Strausberg,Brandenburg
4920,20090819,20220502,3,53.4252,8.804, Beverstedt,Niedersachsen
4926,20020621,20130514,224,48.7896,9.2167, Stuttgart (Neckartal),Baden-W�rttemberg
4928,19980605,20220502,314,48.8281,9.2, Stuttgart (Schnarrenber,Baden-W�rttemberg
4931,19951003,20220502,371,48.6883,9.2235, Stuttgart-Echterdingen,Baden-W�rttemberg
4946,20011214,20220502,500,48.5151,11.6545, Schweitenkirchen-S�nzha,Bayern
4958,20041202,20220502,333,50.2417,10.567, Sulzdorf an der Lederhe,Bayern
4978,20021101,20220502,395,50.639,10.0228, Tann/Rh�n,Hessen
4982,20040710,20220502,532,50.6074,12.939, Tannenberg,Sachsen
4984,20040917,20220502,48,53.2252,14.33, Hohenreinkendorf,Brandenburg
4997,20041015,20220502,196,50.9771,12.3419, Starkenberg-Tegkwitz,Th�ringen
5000,20020910,20220502,498,47.8526,12.8282, Teisendorf,Bayern
5002,20020919,20220503,450,49.0426,12.9942, Teisnach,Bayern
5009,19911101,20220502,33,53.7611,12.5574, Teterow,Mecklenburg-Vorpommern
5013,20020809,20220503,350,49.2187,12.0624, Teublitz (Kl�ranlage),Bayern
5014,20040512,20220503,7,53.2758,8.9857, Worpswede-H�ttenbusch,Niedersachsen
5017,20050801,20220503,633,50.4002,11.3888, Teuschnitz,Bayern
5023,20011127,20220502,417,49.0871,11.2236, Thalm�ssing,Bayern
5029,19931111,20220502,386,49.4737,7.0385, Tholey,Saarland
5034,20040317,20220503,513,49.9842,11.4008, Thurnau-Tannfeld,Bayern
5036,20020919,20220503,470,49.4038,12.6062, Treffelstein-Witzelsm�h,Bayern
5046,20080301,20220503,501,49.8576,12.3542, Tirschenreuth-Loderm�hl,Bayern
5047,20060915,20101213,870,47.9394,8.1933, Titisee-Neustadt-Langen,Baden-W�rttemberg
5049,19981107,20050228,846,47.8991,8.146, Titisee-Neustadt-Titise,Baden-W�rttemberg
5055,20021016,20220503,382,48.0669,12.7634, Tittmoning,Bayern
5057,20050628,20220502,26,54.1695,9.5559, Haale,Schleswig-Holstein
5058,20051110,20220502,55,53.6893,10.3657, Sprenge,Schleswig-Holstein
5059,20041028,20220502,781,47.7279,7.9988, Todtmoos,Baden-W�rttemberg
5064,20041201,20220503,37,51.2897,6.4437, T�nisvorst,Nordrhein-Westfalen
5084,20061211,20220502,290,51.1594,10.2473, S�deichsfeld-Wendehause,Th�ringen
5086,20020627,20220502,133,51.5777,9.4337, Trendelburg,Hessen
5097,20041123,20220503,10,54.0661,12.7675, Tribsees,Mecklenburg-Vorpommern
5099,20080601,20220503,132,49.7326,6.6131, Trier-Zewen,Rheinland-Pfalz
5100,20001019,20220502,265,49.7479,6.6583, Trier-Petrisberg,Rheinland-Pfalz
5103,20100617,20220502,348,49.3544,7.7948, Trippstadt-Neuhof,Rheinland-Pfalz
5109,20131001,20220502,69,53.5998,13.3039, Trollenhagen,Mecklenburg-Vorpommern
5111,20051220,20220503,560,48.0311,12.5396, Trostberg,Bayern
5123,20021129,20220502,413,48.208,12.6296, T��ling,Bayern
5132,20050720,20220502,19,52.7432,7.075, Twist-Hebelermeer,Niedersachsen
5133,20040727,20220503,295,51.3344,8.9132, Twistetal-M�hlhausen,Hessen
5142,19920817,20220502,1,53.7445,14.0698, Ueckerm�nde,Mecklenburg-Vorpommern
5146,20040601,20220502,50,52.9414,10.5289, Uelzen,Niedersachsen
5148,20060614,20220502,60,52.4588,10.1888, Uetze,Niedersachsen
5149,20050101,20220503,306,49.5741,10.1915, Gollhofen,Bayern
5155,19911207,20140831,567,48.3837,9.9524, Ulm,Baden-W�rttemberg
5158,19911106,20220428,159,52.1601,11.1759, Ummendorf,Sachsen-Anhalt
5161,20020829,20220502,573,48.5599,13.7494, Untergriesbach-Glotzing,Bayern
5162,20040708,20220503,495,48.5995,13.6465, Untergriesbach-Schaibin,Bayern
5169,20030411,20220502,831,47.7674,10.4604, Kraftisried,Bayern
5171,20021018,20171115,647,47.7105,12.4652, Unterw�ssen-Hinterw�sse,Bayern
5187,20021219,20220503,591,48.0347,11.0527, Utting-Achselschwang,Bayern
5206,20061001,20161109,396,49.1186,9.8983, Vellberg-Kleinaltdorf,Baden-W�rttemberg
5209,20040729,20220502,21,52.9586,9.2269, Verden-Dauelsen,Niedersachsen
5225,20020506,20220502,125,50.2135,8.7453," Vilbel, Bad-Dortelweil",Hessen
5227,20040317,20220502,682,47.9692,10.9152, Vilgertshofen-Pflugdorf,Bayern
5229,20030415,20220503,719,48.0453,8.4608, Villingen-Schwenningen,Baden-W�rttemberg
5230,20020820,20220502,462,48.4527,12.3382, Vilsbiburg,Bayern
5240,20020705,20220502,380,51.1598,8.8738, V�hl-Buchenberg,Hessen
5262,20030417,20220502,814,47.7564,11.6928, Waakirchen-Demmelberg,Bayern
5263,20020528,20220502,203,51.067,9.3821, Wabern-Hebel,Hessen
5275,20030314,20220503,105,49.2445,8.5374, Wagh�usel-Kirrlach,Baden-W�rttemberg
5276,20021128,20220502,476,47.9237,12.7558, Waging am See,Bayern
5279,20040602,20220503,176,51.6194,9.5749, Wesertal-Lippoldsberg,Hessen
5280,20070217,20220503,35,53.9224,10.2267, Wittenborn,Schleswig-Holstein
5285,20030325,20220502,501,49.618,12.4895, Waidhaus-Pfrentsch,Bayern
5294,20050901,20220502,280,50.5121,8.1326, Waldbrunn-Lahr,Hessen
5297,20020705,20220502,300,51.2427,8.9718, Waldeck-Alraft,Hessen
5300,20040701,20220502,380,50.2596,8.3607, Waldems-Reinborn,Hessen
5303,20020617,20220502,723,49.936,12.0935, Waldershof-Schafbruck,Bayern
5335,20060801,20220503,352,50.8963,10.5483, Waltershausen,Th�ringen
5347,20061001,20220502,236,51.5039,9.1118, Warburg,Nordrhein-Westfalen
5349,19940609,20220502,73,53.5196,12.6654, Waren (M�ritz),Mecklenburg-Vorpommern
5360,20070701,20220502,331,51.4319,8.2665, Warstein-Hirschberg,Nordrhein-Westfalen
5371,19961024,20220502,921,50.4973,9.9427, Wasserkuppe,Hessen
5374,20020826,20220503,420,49.034,10.6031, Wassertr�dingen (Kl�ran,Bayern
5382,20060421,20220502,39,52.5883,9.7386, Wedemark-Elze,Niedersachsen
5395,20060912,20220502,340,50.7676,11.981, Harth-P�llnitz Neundorf,Th�ringen
5397,19910705,20220502,440,49.6662,12.1844, Weiden,Bayern
5401,20030326,20220502,424,49.2717,12.7451," Weiding, Kreis Cham-Dal",Bayern
5404,19970102,20220502,477,48.4024,11.6946, Weihenstephan-D�rnast,Bayern
5405,20020418,20220502,474,49.3376,10.606, Weihenzell-Gr�b,Bayern
5416,20100801,20220502,183,50.4284,8.3806, Weilm�nster,Hessen
5419,19950711,20070630,264,50.9751,11.3076, Weimar,Th�ringen
5424,20070505,20220502,328,51.0177,11.3544, Weimar-Sch�ndorf,Th�ringen
5426,19931028,20220502,553,49.3758,8.1212, Weinbiet,Rheinland-Pfalz
5433,20030515,20220503,380,49.5534,6.812, Weiskirchen/Saar,Saarland
5435,20061001,20211002,455,48.8457,8.9073, Weissach,Baden-W�rttemberg
5440,19930415,20220502,439,49.0115,10.9308, Wei�enburg-Emetzheim,Bayern
5444,20020208,20220502,500,48.3091,10.2048, Wei�enhorn-Oberreichenb,Bayern
5453,20050308,20220502,174,48.188,7.6976, Weisweil-Waldeckhof,Baden-W�rttemberg
5467,19910102,20090706,1832,47.7035,12.0119, Wendelstein,Bayern
5468,20060701,20200930,418,50.9377,7.8475, Wenden-D�rnscheid,Nordrhein-Westfalen
5470,20020427,20220502,459,48.3631,11.5635, Fahrenzhausen,Bayern
5480,20030911,20220502,85,51.5763,7.8879, Werl,Nordrhein-Westfalen
5484,20021017,20220502,240,51.5835,10.709, Ellrich-Werna,Th�ringen
5490,19911101,20220502,233,51.8454,10.7686, Wernigerode,Sachsen-Anhalt
5501,20020807,20220503,420,48.57,10.6985, Wertingen,Bayern
5511,20050803,20220502,825,48.5206,9.6187, Westerheim,Baden-W�rttemberg
5513,20050714,20220502,92,52.2902,7.8687, Westerkappeln,Nordrhein-Westfalen
5516,19960801,20220502,3,54.5283,11.0606, Fehmarn,Schleswig-Holstein
5518,20050825,20220502,7,53.2504,7.935, Westerstede,Niedersachsen
5524,20020710,20220502,227,50.9087,8.6929, Wetter/Hessen-Am�nau,Hessen
5538,20041117,20220502,551,47.8827,11.1576, Wielenbach (Demollstr.),Bayern
5541,20040712,20220503,263,50.1321,8.3169, Wiesbaden-Auringen,Hessen
5542,20020516,20220502,90,50.0421,8.2331, Wiesbaden-Biebrich,Hessen
5546,19911014,20220502,187,52.1206,12.4586, Wiesenburg,Brandenburg
5548,20020904,20220502,680,49.032,12.5505, Wiesenfelden-Utzenzell,Bayern
5555,20040902,20220502,43,52.2534,13.2361, Thyrow,Brandenburg
5559,20071201,20220502,383,48.7848,8.5764," Wildbad, Bad-Calmbach",Baden-W�rttemberg
5562,20040601,20220502,571,48.6516,8.6801, Neubulach-Oberhaugstett,Baden-W�rttemberg
5573,20020828,20220503,358,49.5664,10.7404, Wilhelmsdorf/Mittelfran,Bayern
5600,20020827,20220503,310,49.5141,10.4231," Windsheim, Bad",Bayern
5614,20030520,20190326,35,52.7582,11.2549, Winterfeld-Sallenthin,Sachsen-Anhalt
5616,20020925,20190804,426,50.2282,6.2071, Winterspelt,Rheinland-Pfalz
5619,20041020,20220502,360,51.1637,7.4234, Wipperf�rth-Gardeweg,Nordrhein-Westfalen
5629,19920417,20220502,105,51.8891,12.6446, Wittenberg,Sachsen-Anhalt
5635,20030701,20220502,147,49.9617,6.9287, Wittlich,Rheinland-Pfalz
5643,20040924,20220502,68,53.1864,12.4949, Wittstock-Rote M�hle,Brandenburg
5646,20020507,20200930,220,51.3645,9.7491, Witzenhausen-Ziegenhage,Hessen
5664,20030325,20220502,296,48.2953,8.2391, Wolfach,Baden-W�rttemberg
5665,19990102,20041231,677,47.818,9.797, Wolfegg,Baden-W�rttemberg
5676,20100720,20220502,82,52.3962,10.6892, Wolfsburg (S�dwest),Niedersachsen
5678,20061001,20101109,380,48.6535,9.2976, Wolfschlugen,Baden-W�rttemberg
5684,20171024,20220502,40,52.2813,12.458, Wollin,Brandenburg
5688,20181101,20220503,880,47.7003,8.1057, Dachsberg-Wolpadingen,Baden-W�rttemberg
5692,20040901,20220503,88,49.6051,8.3659, Worms,Rheinland-Pfalz
5699,20040817,20220502,312,51.5427,8.7784, W�nnenberg-Eilern,Nordrhein-Westfalen
5705,19921027,20220502,268,49.7704,9.9576, W�rzburg,Bayern
5711,20060101,20220502,390,49.1295,9.4945, W�stenrot-Oberheimbach,Baden-W�rttemberg
5717,20060706,20220502,134,51.2256,7.1052, Wuppertal-Buchenhofen,Nordrhein-Westfalen
5719,20041001,20091209,235,51.2051,7.2, Remscheid,Nordrhein-Westfalen
5721,20020820,20220502,474,48.3569,12.7679, Wurmannsquick-Egelsberg,Bayern
5724,20050614,20220502,690,47.9589,10.0139, Rot an der Rot-Buch,Baden-W�rttemberg
5729,20050217,20220502,6,52.7606,14.2174, Wustrow,Brandenburg
5731,20030716,20220502,395,47.6783,8.3801, Wut�schingen-Ofteringen,Baden-W�rttemberg
5732,20050701,20220502,8,54.6928,8.5271, Wrixum/F�hr,Schleswig-Holstein
5733,20050501,20220502,20,51.697,6.3974, Xanten,Nordrhein-Westfalen
5745,20040420,20220503,51,52.9663,13.3268, Zehdenick,Brandenburg
5750,20041201,20220502,264,51.0314,12.1495, Zeitz,Sachsen-Anhalt
5758,20020619,20211110,293,49.8709,6.7074, Zemmer (Forsthaus M�lch,Rheinland-Pfalz
5762,20090120,20220502,83,53.0704,10.8831, Zernien,Niedersachsen
5763,20050201,20220502,141,51.238,11.8295, Freyburg/Unstrut-Zeuchf,Sachsen-Anhalt
5767,20051115,20220502,27,53.2989,9.3352, Heeslingen-Wiersdorf,Niedersachsen
5779,19911102,20220502,877,50.7313,13.7516, Zinnwald-Georgenfeld,Sachsen
5792,19940731,20220502,2965,47.421,10.9848, Zugspitze,Bayern
5793,20020806,20220503,443,48.424,10.5924, Zusmarshausen,Bayern
5797,20051201,20220502,349,50.6879,12.4329, Lichtentanne,Sachsen
5800,20060712,20220502,615,49.028,13.2385, Zwiesel,Bayern
5814,20060712,20220502,321,51.5504,11.403, Mansfeld-Annarode,Sachsen-Anhalt
5822,20040701,20220503,40,52.863,8.6988, Bassum,Niedersachsen
5825,20030108,20220503,40,52.6198,12.7867, Berge,Brandenburg
5839,19970710,20220502,0,53.3881,7.2287, Emden,Niedersachsen
5840,20060912,20220502,600,48.6671,8.47, Enzkl�sterle,Baden-W�rttemberg
5854,20050609,20220502,24,53.6557,13.5369, Friedland,Mecklenburg-Vorpommern
5856,19970103,20220502,476,48.5451,13.3532, F�rstenzell,Bayern
5871,19981223,20220502,497,49.9463,7.2645, Hahn,Rheinland-Pfalz
5906,19930715,20220502,98,49.5063,8.5584, Mannheim,Baden-W�rttemberg
5930,20070928,20220502,1,54.641,10.0238, Sch�nhagen (Ostseebad),Schleswig-Holstein
5941,20070301,20220502,686,47.6754,12.4698, Reit im Winkl,Bayern
5943,20070101,20220502,462,50.8377,14.0719, Rosenthal-Bielatal,Sachsen
6093,20040501,20220502,62,53.2139,10.4704, Wendisch Evern,Niedersachsen
6100,20020517,20220502,120,49.8626,8.2311, Hahnheim,Rheinland-Pfalz
6105,20030710,20220503,14,54.3194,9.8051, Ostenfeld (Rendsburg),Schleswig-Holstein
6109,20040601,20220503,51,53.3837,14.3727, Grambow-Schwennenz,Mecklenburg-Vorpommern
6129,20040916,20220502,291,51.0593,14.4266, Sohland/Spree,Sachsen
6157,20070822,20220503,8,53.641,8.0808, Wangerland-Hooksiel,Niedersachsen
6158,20040928,20220503,454,49.2249,10.6085, Weidenbach-Weiherschnei,Bayern
6159,20081201,20220502,8,52.9542,7.3196, D�rpen,Niedersachsen
6161,20020830,20220502,311,48.7577,13.0134, Osterhofen-Thundorf,Bayern
6163,20061110,20220502,27,54.1654,10.3519, D�rnick,Schleswig-Holstein
6169,20030424,20091112,761,47.761,10.8601, Steingaden-Riesen,Bayern
6170,20030312,20220502,39,52.0192,14.7254, Coschen,Brandenburg
6178,20020618,20030630,427,49.8572,11.6978, Creu�en-Unterschwarzach,Bayern
6182,20040331,20120327,404,48.7757,12.1743, Mallersdorf-Pfaffenberg,Bayern
6186,20030709,20190526,268,50.1989,7.8651, Nast�tten,Rheinland-Pfalz
6190,20041112,20220130,599,47.6392,13.0068, Berchtesgaden,Bayern
6191,20030327,20220502,684,48.9023,13.1442, Kirchberg/Niederbayern,Bayern
6195,20021009,20220502,305,49.956,11.0189, Sche�litz-K�ttensdorf,Bayern
6197,20060928,20220502,258,51.8664,9.271, L�gde-Paenbruch,Nordrhein-Westfalen
6199,20040825,20220503,17,54.2484,13.0418, Steinhagen-Negast,Mecklenburg-Vorpommern
6200,20021121,20220502,262,50.0785,10.4887, K�nigsberg/Bayern-Holzh,Bayern
6201,20021120,20220502,339,49.5334,10.1546, Simmershofen-Adelhofen,Bayern
6203,20040805,20220502,1088,47.6279,12.9015, Ramsau-Schwarzeck/Schmu,Bayern
6215,20030327,20220502,689,49.2154,13.0662, Lam-Lambach,Bayern
6216,20020912,20220502,464,49.5321,12.2798, Trausnitz-Reisach,Bayern
6217,20040720,20220502,190,49.2406,6.9351, Saarbr�cken-Burbach,Saarland
6257,20060422,20220502,723,47.6279,11.5166, Jachenau-Tannern,Bayern
6258,20030101,20220503,461,47.6845,9.4409, Friedrichshafen-Unterra,Baden-W�rttemberg
6259,20040601,20220503,524,49.021,9.6033, Gro�erlach-Mannenweiler,Baden-W�rttemberg
6260,20021201,20220502,385,49.3328,9.704, Ingelfingen-Stachenhaus,Baden-W�rttemberg
6262,20021101,20220503,412,48.7695,9.8737, Schw�bisch Gm�nd-Weiler,Baden-W�rttemberg
6263,20040201,20220502,445,47.7738,8.8219, Singen,Baden-W�rttemberg
6264,20040601,20220503,457,51.414,8.65, Brilon-Th�len,Nordrhein-Westfalen
6265,20021212,20220503,36,52.3613,12.3867, Wusterwitz,Brandenburg
6266,20040901,20220503,112,52.0304,10.9626, Huy-Pabstorf,Sachsen-Anhalt
6268,20021101,20220502,173,50.7577,11.5178, Uhlst�dt-Kirchhasel-Nie,Th�ringen
6269,20070401,20220502,731,50.3594,12.4836, Klingenthal-Kamerun,Sachsen
6270,20040901,20220502,330,50.4099,10.4901, R�mhild-S�lzdorf,Th�ringen
6271,20040601,20220502,274,50.9771,12.0044, Crossen/Elster-Nickelsd,Th�ringen
6272,20041001,20220503,283,50.8426,10.2518, Moorgrund Gr�fen-Nitzen,Th�ringen
6273,20040601,20220502,36,52.5075,11.8551, Demker,Sachsen-Anhalt
6275,20031201,20220503,325,48.6705,9.4627, Notzingen,Baden-W�rttemberg
6276,20041101,20191031,235,51.4895,7.7813, Fr�ndenberg-Hohenheide,Nordrhein-Westfalen
6303,20021201,20220502,584,51.2915,8.5981, Willingen/Hochsauerland,Hessen
6305,20041201,20220503,193,51.2061,10.4978, M�hlhausen/Th�ringen-G�,Th�ringen
6310,20040801,20220503,1,54.1049,13.8239, Karlshagen,Mecklenburg-Vorpommern
6312,20040928,20200930,362,49.5314,10.6418, Markt Erlbach-Mosbach,Bayern
6313,20041201,20220502,440,51.2488,7.4672, Breckerfeld-Wengeberg,Nordrhein-Westfalen
6314,20050801,20220502,306,51.0507,13.3003, Nossen,Sachsen
6336,20051101,20220503,288,50.0132,9.654, Lohr/Main-Halsbach,Bayern
6337,20040801,20220503,59,51.7663,7.5194, L�dinghausen-Brochtrup,Nordrhein-Westfalen
6338,20041021,20220502,605,50.3618,11.6223," Steben, Bad",Bayern
6344,20041201,20220503,168,50.394,8.1423, Runkel-Ennerich,Hessen
6346,20050201,20220503,531,48.207,11.2035, Maisach-Galgen,Bayern
6347,20050301,20220503,305,50.0579,10.2972, Schonungen-Mainberg,Bayern
7075,20050201,20220503,429,48.702,11.8493, Elsendorf-Horneck,Bayern
7077,20041101,20220502,54,53.5255,13.0161, Gro� Lukow,Mecklenburg-Vorpommern
7078,20041101,20220502,33,53.5035,11.0014, Dodow,Mecklenburg-Vorpommern
7079,20041201,20220502,14,53.0443,14.2423, Berkholz-Meyenburg,Brandenburg
7099,20041101,20211003,187,52.0111,10.3966, Liebenburg-Othfresen,Niedersachsen
7104,20050101,20220502,220,49.6206,9.6036, K�nigheim,Baden-W�rttemberg
7105,20050411,20220503,719,47.835,12.6548, Siegsdorf-H�ll,Bayern
7106,20060901,20220503,105,52.0714,8.4565, Bielefeld-Deppendorf,Nordrhein-Westfalen
7135,20041125,20160515,565,47.9655,9.6804, Aulendorf-Haslach,Baden-W�rttemberg
7138,20041125,20220502,682,48.2962,9.0701, Burladingen-Hausen,Baden-W�rttemberg
7187,20041201,20220503,194,49.7636,9.4063, Freudenberg/Main-Boxtal,Baden-W�rttemberg
7244,19911101,20040930,62,53.1424,13.0319, Neuglobsow (HM),Brandenburg
7285,20050801,20220502,68,52.4153,11.0758, Oebisfelde-Weferlingen-,Sachsen-Anhalt
7298,20050701,20220503,5,54.5268,9.0425, Hattstedt,Schleswig-Holstein
7319,20050301,20220503,435,48.7374,10.7393, Donauw�rth-Osterweiler,Bayern
7321,20050901,20220502,160,51.1507,11.3321, Olbersleben,Th�ringen
7322,20050901,20220502,699,47.766,7.7214, Malsburg-Marzell,Baden-W�rttemberg
7323,20060101,20220502,150,51.2359,12.5517, Belgershain,Sachsen
7326,20060101,20220502,134,51.1918,12.7645, Grimma-Kleinbothen,Sachsen
7327,20070501,20220502,323,50.8836,13.0425, Frankenberg-Altenhain,Sachsen
7328,20060101,20220502,219,50.8544,12.4216, Ponitz,Th�ringen
7329,20051101,20220503,465,50.5467,12.2863, Treuen,Sachsen
7330,20051001,20220502,159,51.4633,7.978, Arnsberg-Neheim,Nordrhein-Westfalen
7331,20050901,20220503,467,48.6099,10.2674, Hermaringen-Allewind,Baden-W�rttemberg
7333,20060701,20220502,727,50.5803,13.2966, Marienberg-R�benau,Sachsen
7334,20060301,20220502,131,51.2651,13.3588, Hirschstein-Heyda,Sachsen
7335,20060201,20220502,138,51.3658,13.5801, Strauch,Sachsen
7337,20070401,20220502,332,51.0577,14.6128, D�rrhennersdorf,Sachsen
7341,20050715,20220502,119,50.09,8.7862, Offenbach-Wetterpark,Hessen
7343,20060401,20220502,689,50.62,13.4817, Deutschneudorf-Br�derwi,Sachsen
7344,20060601,20220502,45,51.2992,6.2013, Nettetal-H�lst,Nordrhein-Westfalen
7350,20060801,20220502,585,49.1088,12.8231, Prackenbach-Neuh�usl,Bayern
7351,20050909,20220502,116,53.3176,13.4175, Feldberg/Mecklenburg,Mecklenburg-Vorpommern
7361,20060701,20220502,72,52.7363,10.344, Scharnhorst-Marwede,Niedersachsen
7364,20070101,20220502,74,51.6818,12.3053, Je�nitz,Sachsen-Anhalt
7367,20071201,20220502,144,51.9643,9.8072, Alfeld,Niedersachsen
7368,20071101,20220502,312,51.0007,10.3621, Eisenach,Th�ringen
7369,20071101,20220502,475,49.1623,10.3661, Feuchtwangen-Heilbronn,Bayern
7370,20061211,20220502,499,49.391,12.6838, Waldm�nchen,Bayern
7372,20061001,20220502,37,52.7321,11.7123, Ballerstedt,Sachsen-Anhalt
7373,20060301,20220502,3,53.5984,6.7024, Borkum-Flugplatz,Niedersachsen
7374,20060301,20220502,46,52.0813,6.9409, Ahaus,Nordrhein-Westfalen
7375,20091001,20220503,411,49.645,7.5003, Homberg-Sch�nbornerhof,Rheinland-Pfalz
7378,20060701,20220502,101,51.0149,6.5173, Bedburg-Weiler Hohenhol,Nordrhein-Westfalen
7382,20061201,20220502,666,47.7096,9.866, Wangen/Allg�u-Schwaderb,Baden-W�rttemberg
7389,20061201,20220503,82,52.7461,13.8427, Heckelberg,Brandenburg
7393,20100101,20220502,116,51.4492,14.2533, Hoyerswerda,Sachsen
7394,20060602,20220502,622,50.0315,11.9745, Wunsiedel-Sch�nbrunn,Bayern
7395,20071201,20220502,351,48.6595,12.5388, Gottfrieding,Bayern
7396,20080501,20220502,740,50.5084,9.2246, Hoherodskopf/Vogelsberg,Hessen
7403,20070401,20220502,672,47.7955,10.0325, Leutkirch-Herlazhofen,Baden-W�rttemberg
7410,20110201,20220502,350,50.7513,9.0224, Neu-Ulrichstein,Hessen
7412,20061001,20220502,340,50.0083,9.4238, Neuh�tten/Spessart,Bayern
7418,20080601,20220502,321,50.802,12.6366, Sankt Egidien-Kuhschnap,Sachsen
7419,20061201,20220503,389,50.661,12.0756, Langenwetzendorf-G�tten,Th�ringen
7420,20070401,20220503,246,51.1044,11.7112, Naumburg/Saale-Kreipitz,Sachsen-Anhalt
7421,20061201,20220502,383,50.325,11.2395, F�ritztal-Neuhaus-Schie,Th�ringen
7423,20070401,20220502,163,51.3445,14.8387, H�hnichen-Trebus,Sachsen
7424,20061201,20220503,457,47.7724,12.9073, Piding,Bayern
7425,20060801,20220502,212,52.1384,9.1119, Rinteln-Volksen,Niedersachsen
7427,20070901,20220503,17,54.0188,9.9255, Padenstedt (Pony-Park),Schleswig-Holstein
7428,20070501,20220503,397,50.4167,10.8156, Veilsdorf,Th�ringen
7429,20061201,20220502,336,49.4249,9.3316, Seckach,Baden-W�rttemberg
7430,20071004,20220502,258,50.0615,10.8129, Rentweinsdorf-Treinfeld,Bayern
7431,20071101,20220502,604,48.013,11.5524, Oberhaching-Laufzorn,Bayern
7432,20070501,20220502,72,52.6423,10.6627, Wittingen-Vorhop,Niedersachsen
7499,20070701,20220301,172,50.7893,7.828, Wallmenroth,Rheinland-Pfalz
7500,20070101,20220502,82,52.0223,12.1597, Badewitz bei Zerbst,Sachsen-Anhalt
13654,20070801,20220502,285,51.0063,13.471, Wilsdruff-Mohorn,Sachsen
13662,20070501,20160128,37,52.3031,12.4029, Boecke,Brandenburg
13669,20070901,20220502,55,52.0087,7.8519, Ostbevern-Schirlheide,Nordrhein-Westfalen
13670,20070601,20220503,24,51.5088,6.7018, Duisburg-Baerl,Nordrhein-Westfalen
13671,20071201,20220502,221,50.9655,7.2753, Overath-B�ke,Nordrhein-Westfalen
13672,20080501,20141231,593,48.5537,9.9877, Weidenstetten,Baden-W�rttemberg
13674,20070801,20220502,237,49.2943,8.9053, Waibstadt,Baden-W�rttemberg
13675,20071101,20220503,77,52.0818,9.4077, Hameln-Hastenbeck,Niedersachsen
13687,20071101,20220502,18,53.9005,9.8308, Weddelbrook,Schleswig-Holstein
13688,20080301,20220502,128,51.1693,12.2618, Pegau,Sachsen
13696,20071201,20220503,60,51.5966,7.4048, Waltrop-Abdinghof,Nordrhein-Westfalen
13698,20080101,20220502,504,48.8767,10.2413, Lauchheim (Berghof),Baden-W�rttemberg
13699,20080301,20220502,66,52.3667,10.1266, Lehrte-Sievershausen,Niedersachsen
13700,20080501,20220503,203,51.3329,7.3412, Gevelsberg-Oberbr�king,Nordrhein-Westfalen
13710,20080401,20220503,490,48.5734,12.2576, Landshut-Reithof,Bayern
13711,20071201,20220503,289,50.682,11.515, Kr�lpa-Rockendorf,Th�ringen
13712,20080901,20220502,44,52.1488,13.8359, M�nchehofe,Brandenburg
13713,20071101,20220503,386,51.0899,7.6289, Meinerzhagen-Redlendorf,Nordrhein-Westfalen
13715,20080301,20220502,604,48.1003,9.8058, Biberach an der Ri�-Ber,Baden-W�rttemberg
13716,20080901,20220502,818,47.819,8.5774, Blumberg-Randen,Baden-W�rttemberg
13774,20080601,20220502,328,50.8138,12.2985, Crimmitschau-Mannichswa,Sachsen
13776,20080301,20110103,85,52.1789,9.9524, Hildesheim-Drispenstedt,Niedersachsen
13777,20080601,20220502,110,52.2467,10.9592, Helmstedt-Emmerstedt,Niedersachsen
13965,20081201,20220503,619,48.2639,8.8134, Balingen-Bronnhaupten,Baden-W�rttemberg
14157,20091201,20220503,168,49.5686,8.7013, Birkenau,Hessen
15000,20110401,20220502,231,50.7983,6.0244, Aachen-Orsbach,Nordrhein-Westfalen
15003,20110501,20220502,19,53.8753,13.2101, Schmarsow,Mecklenburg-Vorpommern
15207,20131101,20220502,317,51.2835,9.359, Schauenburg-Elgershause,Hessen
15444,20140901,20220502,593,48.4418,9.9216, Ulm-M�hringen,Baden-W�rttemberg
15478,20150201,20220502,515,48.2095,10.0654, Dietenheim,Baden-W�rttemberg
15490,20161201,20220502,298,50.8053,8.3382, Eschenburg-Eibelshausen,Hessen
15512,20160901,20220502,66,53.0859,10.1611, Rehlingen-Ehlbeck,Niedersachsen
15514,20171101,20220502,106,49.3767,8.6177, Heidelberg-Kurpfalzhof,Baden-W�rttemberg
15555,20160501,20220502,815,47.8761,10.5849, Kaufbeuren-Oberbeuren,Bayern
15810,20180601,20220502,567,47.9261,9.5926, Aulendorf-Bl�nried,Baden-W�rttemberg
15813,20220301,20220502,40,52.5126,7.4131, Lingen-Baccum,Niedersachsen
19140,20201101,20220502,278,50.9657,10.6988, Gotha,Th�ringen
19171,20200901,20220502,13,54.0038,9.8553, Hasenkrug-Hardebek,Schleswig-Holstein
19172,20200901,20220502,48,54.0246,9.388, Wacken,Schleswig-Holstein
19299,20210401,20220502,463,49.8713,11.7883, Speichersdorf,Bayern
